id,price,volume,timestamp
1515,461,,1.4275E+12
1515,461,,1.42759E+12
1515,458,,1.42767E+12
1515,453,,1.42776E+12
1515,449,,1.42785E+12
1515,454,,1.42793E+12
1515,463,,1.42802E+12
1515,465,,1.42811E+12
1515,460,,1.42819E+12
1515,455,,1.42828E+12
1515,455,,1.42836E+12
1515,461,,1.42845E+12
1515,470,,1.42854E+12
1515,483,,1.42862E+12
1515,482,,1.42871E+12
1515,474,,1.4288E+12
1515,470,,1.42888E+12
1515,470,,1.42897E+12
1515,476,,1.42906E+12
1515,482,,1.42914E+12
1515,485,,1.42923E+12
1515,485,,1.42932E+12
1515,475,,1.4294E+12
1515,466,,1.42949E+12
1515,463,,1.42957E+12
1515,467,,1.42966E+12
1515,475,,1.42975E+12
1515,482,,1.42983E+12
1515,486,,1.42992E+12
1515,479,,1.43001E+12
1515,466,,1.43009E+12
1515,463,,1.43018E+12
1515,469,,1.43027E+12
1515,471,,1.43035E+12
1515,471,,1.43044E+12
1515,465,,1.43052E+12
1515,444,,1.43061E+12
1515,433,,1.4307E+12
1515,429,,1.43078E+12
1515,436,,1.43087E+12
1515,450,,1.43096E+12
1515,456,,1.43104E+12
1515,457,,1.43113E+12
1515,446,,1.43122E+12
1515,441,,1.4313E+12
1515,443,,1.43139E+12
1515,443,,1.43148E+12
1515,442,,1.43156E+12
1515,438,,1.43165E+12
1515,431,,1.43173E+12
1515,424,,1.43182E+12
1515,413,,1.43191E+12
1515,415,,1.43199E+12
1515,425,,1.43208E+12
1515,432,,1.43217E+12
1515,439,,1.43225E+12
1515,443,,1.43234E+12
1515,440,,1.43243E+12
1515,423,,1.43251E+12
1515,417,,1.4326E+12
1515,427,,1.43268E+12
1515,434,,1.43277E+12
1515,437,,1.43286E+12
1515,438,,1.43294E+12
1515,429,,1.43303E+12
1515,417,,1.43312E+12
1515,419,,1.4332E+12
1515,421,,1.43329E+12
1515,424,,1.43338E+12
1515,422,,1.43346E+12
1515,419,,1.43355E+12
1515,406,,1.43364E+12
1515,390,,1.43372E+12
1515,388,,1.43381E+12
1515,392,,1.43389E+12
1515,398,,1.43398E+12
1515,403,,1.43407E+12
1515,397,,1.43415E+12
1515,392,,1.43424E+12
1515,386,,1.43433E+12
1515,384,,1.43441E+12
1515,394,,1.4345E+12
1515,400,,1.43459E+12
1515,402,,1.43467E+12
1515,405,,1.43476E+12
1515,400,,1.43484E+12
1515,395,,1.43493E+12
1515,397,,1.43502E+12
1515,405,,1.4351E+12
1515,410,,1.43519E+12
1515,416,,1.43528E+12
1515,410,,1.43536E+12
1515,398,,1.43545E+12
1515,395,,1.43554E+12
1515,398,,1.43562E+12
1515,408,,1.43571E+12
1515,411,,1.4358E+12
1515,415,,1.43588E+12
1515,413,,1.43597E+12
1515,402,,1.43605E+12
1515,394,,1.43614E+12
1515,394,,1.43623E+12
1515,396,,1.43631E+12
1515,406,,1.4364E+12
1515,411,,1.43649E+12
1515,406,,1.43657E+12
1515,403,,1.43666E+12
1515,396,,1.43675E+12
1515,391,,1.43683E+12
1515,390,,1.43692E+12
1515,384,,1.437E+12
1515,392,,1.43709E+12
1515,398,,1.43718E+12
1515,396,,1.43726E+12
1515,394,,1.43735E+12
1515,402,,1.43744E+12
1515,409,,1.43752E+12
1515,411,,1.43761E+12
1515,416,,1.4377E+12
1515,422,,1.43778E+12
1515,415,,1.43787E+12
1515,414,,1.43796E+12
1515,409,,1.43804E+12
1515,411,,1.43813E+12
1515,415,,1.43821E+12
1515,412,,1.4383E+12
1515,413,,1.43839E+12
1515,407,,1.43847E+12
1515,395,,1.43856E+12
1515,398,,1.43865E+12
1515,403,,1.43873E+12
1515,405,,1.43882E+12
1515,409,,1.43891E+12
1515,413,,1.43899E+12
1515,408,,1.43908E+12
1515,396,,1.43916E+12
1515,396,,1.43925E+12
1515,398,,1.43934E+12
1515,404,,1.43942E+12
1515,403,,1.43951E+12
1515,404,,1.4396E+12
1515,400,,1.43968E+12
1515,394,,1.43977E+12
1515,391,,1.43986E+12
1515,401,,1.43994E+12
1515,405,,1.44003E+12
1515,414,,1.44012E+12
1515,417,,1.4402E+12
1515,408,,1.44029E+12
1515,399,,1.44037E+12
1515,406,,1.44046E+12
1515,415,,1.44055E+12
1515,422,,1.44063E+12
1515,429,,1.44072E+12
1515,428,,1.44081E+12
1515,425,,1.44089E+12
1515,412,,1.44098E+12
1515,410,,1.44107E+12
1515,419,,1.44115E+12
1515,425,,1.44124E+12
1515,433,,1.44132E+12
1515,430,,1.44141E+12
1515,425,,1.4415E+12
1515,423,,1.44158E+12
1515,429,,1.44167E+12
1515,431,,1.44176E+12
1515,430,,1.44184E+12
1515,425,,1.44193E+12
1515,430,,1.44202E+12
1515,435,,1.4421E+12
1515,432,,1.44219E+12
1515,440,,1.44228E+12
1515,449,,1.44236E+12
1515,466,,1.44245E+12
1515,460,,1.44253E+12
1515,447,,1.44262E+12
1515,436,,1.44271E+12
1515,432,,1.44279E+12
1515,430,,1.44288E+12
1515,433,,1.44297E+12
1515,437,,1.44305E+12
1515,437,,1.44314E+12
1515,431,,1.44323E+12
1515,435,,1.4434E+12
1515,440,,1.44348E+12
1515,452,,1.44357E+12
1515,461,,1.44366E+12
1515,420,,1.44409E+12
1515,422,,1.44418E+12
1515,423,,1.44426E+12
1515,414,,1.44435E+12
1515,408,,1.44444E+12
1515,405,,1.44452E+12
1515,396,,1.44461E+12
1515,403,,1.44469E+12
1515,412,,1.44478E+12
1515,417,,1.44487E+12
1515,417,,1.44495E+12
1515,411,,1.44504E+12
1515,408,,1.44513E+12
1515,401,,1.44521E+12
1515,398,,1.4453E+12
1515,409,,1.44539E+12
1515,411,,1.44556E+12
1515,407,,1.44564E+12
1515,408,,1.44573E+12
1515,404,,1.44582E+12
1515,408,,1.4459E+12
1515,412,,1.44599E+12
1515,411,,1.44616E+12
1515,406,,1.44625E+12
1515,402,,1.44634E+12
1515,406,,1.44642E+12
1515,402,,1.44651E+12
1515,402,,1.4466E+12
1515,404,,1.44677E+12
1515,404,,1.44685E+12
1515,401,,1.44694E+12
1515,397,,1.44703E+12
1515,401,,1.44711E+12
1515,404,,1.4472E+12
1515,405,,1.44729E+12
1515,409,,1.44737E+12
1515,409,,1.44746E+12
1515,406,,1.44755E+12
1515,402,,1.44763E+12
1515,403,,1.44772E+12
1515,405,,1.4478E+12
1515,405,,1.44789E+12
1515,408,,1.44798E+12
1515,410,,1.44806E+12
1515,410,,1.44815E+12
1515,409,,1.44824E+12
1515,410,,1.44832E+12
1515,412,,1.44841E+12
1515,410,,1.4485E+12
1515,411,,1.44858E+12
1515,410,,1.44867E+12
1515,407,,1.44876E+12
1515,405,,1.44884E+12
1515,406,,1.44893E+12
1515,408,,1.44901E+12
1515,410,,1.4491E+12
1515,409,,1.44919E+12
1515,408,,1.44927E+12
1515,405,,1.44936E+12
1515,401,,1.44945E+12
1515,403,,1.44953E+12
1515,404,,1.44962E+12
1515,406,,1.44971E+12
1515,410,,1.44979E+12
1515,410,,1.44988E+12
1515,408,,1.45005E+12
1515,411,,1.45014E+12
1515,409,,1.45022E+12
1515,407,,1.45031E+12
1515,405,,1.4504E+12
1515,406,,1.45048E+12
1515,405,,1.45057E+12
1515,404,,1.45066E+12
1515,405,,1.45074E+12
1515,407,,1.45083E+12
1515,407,,1.45092E+12
1515,407,,1.451E+12
1515,406,,1.45109E+12
1515,408,,1.45117E+12
1515,407,,1.45126E+12
1515,411,,1.45135E+12
1515,415,,1.45143E+12
1515,415,,1.45152E+12
1515,410,,1.45161E+12
1515,409,,1.45169E+12
1515,412,,1.45178E+12
1515,415,,1.45187E+12
1515,421,,1.45195E+12
1515,422,,1.45204E+12
1515,421,,1.45212E+12
1515,410,,1.45221E+12
1515,407,,1.4523E+12
1515,404,,1.45238E+12
1515,406,,1.45247E+12
1515,403,,1.45256E+12
1515,406,,1.45264E+12
1515,411,,1.45273E+12
1515,410,,1.45282E+12
1515,410,,1.4529E+12
1515,409,,1.45299E+12
1515,411,,1.45316E+12
1515,412,,1.45325E+12
1515,410,,1.45333E+12
1515,413,,1.45342E+12
1515,413,,1.45351E+12
1515,414,,1.45359E+12
1515,412,,1.45368E+12
1515,409,,1.45377E+12
1515,414,,1.45385E+12
1515,422,,1.45394E+12
1515,437,,1.45403E+12
1515,448,,1.45411E+12
1515,454,,1.4542E+12
1515,444,,1.45428E+12
1515,445,,1.45437E+12
1515,455,,1.45446E+12
1515,470,,1.45454E+12
1515,469,,1.45463E+12
1515,463,,1.45472E+12
1515,448,,1.4548E+12
1515,442,,1.45489E+12
1515,447,,1.45498E+12
1515,457,,1.45506E+12
1515,469,,1.45515E+12
1515,468,,1.45524E+12
1515,469,,1.45532E+12
1515,458,,1.45541E+12
1515,445,,1.45549E+12
1515,438,,1.45558E+12
1515,434,,1.45567E+12
1515,432,,1.45575E+12
1515,438,,1.45584E+12
1515,433,,1.45593E+12
1515,426,,1.45601E+12
1515,423,,1.4561E+12
1515,438,,1.45619E+12
1515,446,,1.45627E+12
1515,446,,1.45636E+12
1515,436,,1.45644E+12
1515,431,,1.45653E+12
1515,428,,1.45662E+12
1515,420,,1.4567E+12
1515,416,,1.45679E+12
1515,424,,1.45688E+12
1515,430,,1.45696E+12
1515,431,,1.45705E+12
1515,431,,1.45714E+12
1515,428,,1.45722E+12
1515,420,,1.45731E+12
1515,422,,1.4574E+12
1515,424,,1.45748E+12
1515,423,,1.45757E+12
1515,420,,1.45765E+12
1515,420,,1.45774E+12
1515,421,,1.45783E+12
1515,421,,1.45791E+12
1515,412,,1.458E+12
1515,412,,1.45809E+12
1515,412,,1.45817E+12
1515,413,,1.45826E+12
1515,413,,1.45835E+12
1515,412,,1.45843E+12
1515,406,,1.45852E+12
1515,408,,1.4586E+12
1515,409,,1.45869E+12
1515,407,,1.45878E+12
1515,405,,1.45886E+12
1515,408,,1.45895E+12
1515,409,,1.45904E+12
1515,411,,1.45912E+12
1515,406,,1.45921E+12
1515,403,,1.4593E+12
1515,405,,1.45938E+12
1515,404,,1.45947E+12
1515,405,,1.45956E+12
1515,406,,1.45964E+12
1515,408,,1.45973E+12
1515,410,,1.45981E+12
1515,417,,1.4599E+12
1515,422,,1.45999E+12
1515,424,,1.46007E+12
1515,433,,1.46016E+12
1515,428,,1.46025E+12
1515,424,,1.46033E+12
1515,421,,1.46042E+12
1515,420,,1.46051E+12
1515,418,,1.46059E+12
1515,412,,1.46068E+12
1515,408,,1.46076E+12
1515,403,,1.46085E+12
1515,401,,1.46094E+12
1515,402,,1.46102E+12
1515,406,,1.46111E+12
1515,406,,1.4612E+12
1515,405,,1.46128E+12
1515,403,,1.46137E+12
1515,402,,1.46146E+12
1515,400,,1.46154E+12
1515,396,,1.46163E+12
1515,395,,1.46172E+12
1515,399,,1.4618E+12
1515,400,,1.46189E+12
1515,398,,1.46197E+12
1515,398,,1.46206E+12
1515,392,,1.46215E+12
1515,385,,1.46223E+12
1515,383,,1.46232E+12
1515,385,,1.46241E+12
1515,391,,1.46249E+12
1515,391,,1.46258E+12
1515,379,,1.46267E+12
1515,372,,1.46275E+12
1515,360,,1.46284E+12
1515,356,,1.46292E+12
1515,352,,1.46301E+12
1515,355,,1.4631E+12
1515,360,,1.46318E+12
1515,361,,1.46327E+12
1515,362,,1.46336E+12
1515,369,,1.46344E+12
1515,383,,1.46353E+12
1515,386,,1.46362E+12
1515,383,,1.4637E+12
1515,370,,1.46396E+12
1515,367,,1.46405E+12
1515,377,,1.46413E+12
1515,391,,1.46422E+12
1515,388,,1.46431E+12
1515,390,,1.46439E+12
1515,393,,1.46448E+12
1515,390,,1.46457E+12
1515,385,,1.46465E+12
1515,387,,1.46474E+12
1515,393,,1.46483E+12
1515,391,,1.46491E+12
1515,386,,1.465E+12
1515,386,,1.46508E+12
1515,386,,1.46517E+12
1515,389,,1.46526E+12
1515,398,,1.46534E+12
1515,399,,1.46543E+12
1515,398,,1.46552E+12
1515,396,,1.4656E+12
1515,397,,1.46569E+12
1515,394,,1.46578E+12
1515,399,,1.46586E+12
1515,407,,1.46595E+12
1515,406,,1.46604E+12
1515,404,,1.46612E+12
1515,401,,1.46621E+12
1515,400,,1.46629E+12
1515,397,,1.46638E+12
1515,397,,1.46647E+12
1515,396,,1.46655E+12
1515,396,,1.46664E+12
1515,399,,1.46673E+12
1515,399,,1.46681E+12
1515,394,,1.4669E+12
1515,391,,1.46699E+12
1515,390,,1.46707E+12
1515,394,,1.46716E+12
1515,395,,1.46724E+12
1515,395,,1.46733E+12
1515,394,,1.46742E+12
1515,393,,1.4675E+12
1515,392,,1.46759E+12
1515,392,,1.46768E+12
1515,392,,1.46776E+12
1515,393,,1.46785E+12
1515,395,,1.46794E+12
1515,398,,1.46802E+12
1515,399,,1.46811E+12
1515,399,,1.4682E+12
1515,403,,1.46828E+12
1515,411,,1.46837E+12
1515,416,,1.46845E+12
1515,414,,1.46854E+12
1515,423,,1.46863E+12
1515,418,,1.46871E+12
1515,418,,1.4688E+12
1515,426,,1.46889E+12
1515,404,,1.4694E+12
1515,407,,1.46949E+12
1515,417,,1.46958E+12
1515,418,,1.46966E+12
1515,419,,1.46975E+12
1515,412,,1.46984E+12
1515,408,,1.46992E+12
1515,403,,1.47001E+12
1515,401,,1.4701E+12
1515,403,,1.47018E+12
1515,400,,1.47027E+12
1515,403,,1.47036E+12
1515,407,,1.47044E+12
1515,398,,1.47053E+12
1515,394,,1.47061E+12
1515,390,,1.4707E+12
1515,393,,1.47079E+12
1515,396,,1.47087E+12
1515,397,,1.47096E+12
1515,394,,1.47105E+12
1515,393,,1.47113E+12
1515,392,,1.47122E+12
1515,393,,1.47131E+12
1515,394,,1.47139E+12
1515,394,,1.47148E+12
1515,390,,1.47156E+12
1515,386,,1.47165E+12
1515,378,,1.47174E+12
1515,371,,1.47182E+12
1515,374,,1.47191E+12
1515,378,,1.472E+12
1515,382,,1.47208E+12
1515,382,,1.47217E+12
1515,386,,1.47226E+12
1515,376,,1.47243E+12
1515,373,,1.47269E+12
1515,373,,1.47277E+12
1515,374,,1.47286E+12
1515,371,,1.47295E+12
1515,369,,1.47303E+12
1515,375,,1.47312E+12
1515,385,,1.47321E+12
1515,387,,1.47329E+12
1515,367,,1.47338E+12
1515,348,,1.47347E+12
1515,330,,1.47355E+12
1515,318,,1.47364E+12
1515,314,,1.47372E+12
1515,317,,1.47381E+12
1515,319,,1.4739E+12
1515,314,,1.47398E+12
1515,304,,1.47407E+12
1515,291,,1.47416E+12
1515,282,,1.47424E+12
1515,290,,1.47433E+12
1515,303,,1.47442E+12
1515,310,,1.4745E+12
1515,312,,1.47459E+12
1515,307,,1.47468E+12
1515,306,,1.47476E+12
1515,300,,1.47485E+12
1515,302,,1.47493E+12
1515,310,,1.47502E+12
1515,308,,1.47511E+12
1515,307,,1.47519E+12
1515,303,,1.47528E+12
1515,296,,1.47537E+12
1515,285,,1.47545E+12
1515,287,,1.47554E+12
1515,298,,1.47563E+12
1515,306,,1.47571E+12
1515,306,,1.4758E+12
1515,305,,1.47588E+12
1515,300,,1.47597E+12
1515,299,,1.47606E+12
1515,300,,1.47614E+12
1515,303,,1.47623E+12
1515,304,,1.47632E+12
1515,304,,1.4764E+12
1515,304,,1.47649E+12
1515,309,,1.47658E+12
1515,308,,1.47666E+12
1515,309,,1.47675E+12
1515,318,,1.47684E+12
1515,323,,1.47692E+12
1515,331,,1.47701E+12
1515,336,,1.47709E+12
1515,337,,1.47718E+12
1515,326,,1.47727E+12
1515,330,,1.47735E+12
1515,342,,1.47744E+12
1515,343,,1.47753E+12
1515,346,,1.47761E+12
1515,342,,1.4777E+12
1515,342,,1.47779E+12
1515,338,,1.47787E+12
1515,338,,1.47796E+12
1515,340,,1.47804E+12
1515,346,,1.47813E+12
1515,354,,1.47822E+12
1515,350,,1.4783E+12
1515,346,,1.47839E+12
1515,342,,1.47848E+12
1515,342,,1.47856E+12
1515,350,,1.47865E+12
1515,356,,1.47874E+12
1515,360,,1.47882E+12
1515,363,,1.47891E+12
1515,363,,1.479E+12
1515,358,,1.47908E+12
1515,356,,1.47917E+12
1515,392,,1.48124E+12
1515,401,,1.48133E+12
1515,402,,1.48141E+12
1515,395,,1.4815E+12
1515,389,,1.48159E+12
1515,386,,1.48167E+12
1515,388,,1.48176E+12
1515,394,,1.48185E+12
1515,393,,1.48193E+12
1515,389,,1.48202E+12
1515,387,,1.48211E+12
1515,385,,1.48219E+12
1515,383,,1.48228E+12
1515,379,,1.48236E+12
1515,375,,1.48245E+12
1515,379,,1.48254E+12
1515,378,,1.48262E+12
1515,374,,1.48271E+12
1515,382,,1.4828E+12
1515,380,,1.48288E+12
1515,386,,1.48297E+12
1515,388,,1.48306E+12
1515,391,,1.48314E+12
1515,393,,1.48323E+12
1515,390,,1.48332E+12
1515,381,,1.4834E+12
1515,381,,1.48349E+12
1515,381,,1.48357E+12
1515,377,,1.48366E+12
1515,380,,1.48375E+12
1515,377,,1.48383E+12
1515,384,,1.48392E+12
1515,386,,1.48401E+12
1515,393,,1.48409E+12
1515,402,,1.48418E+12
1515,411,,1.48427E+12
1515,405,,1.48435E+12
1515,416,,1.48444E+12
1515,407,,1.48452E+12
1515,402,,1.48461E+12
1515,408,,1.4847E+12
1515,411,,1.48478E+12
1515,409,,1.48487E+12
1515,404,,1.48496E+12
1515,399,,1.48504E+12
1515,396,,1.48513E+12
1515,399,,1.48556E+12
1515,397,,1.48565E+12
1515,389,,1.48573E+12
1515,387,,1.48582E+12
1515,390,,1.48591E+12
1515,390,,1.48599E+12
1515,388,,1.48608E+12
1515,385,,1.48617E+12
1515,384,,1.48625E+12
1515,379,,1.48634E+12
1515,366,,1.48643E+12
1515,358,,1.48651E+12
1515,362,,1.4866E+12
1515,369,,1.48668E+12
1515,366,,1.48677E+12
1515,362,,1.48686E+12
1515,363,,1.48694E+12
1515,364,,1.48703E+12
1515,363,,1.48712E+12
1515,362,,1.4872E+12
1515,363,,1.48729E+12
1515,356,,1.48746E+12
1515,350,,1.48755E+12
1515,349,,1.48764E+12
1515,354,,1.48772E+12
1515,353,,1.48781E+12
1515,349,,1.48789E+12
1515,338,,1.48798E+12
1515,334,,1.48807E+12
1515,333,,1.48815E+12
1515,328,,1.48824E+12
1515,327,,1.48833E+12
1515,331,,1.48841E+12
1515,332,,1.4885E+12
1515,328,,1.48859E+12
1515,323,,1.48867E+12
1515,321,,1.48876E+12
1515,322,,1.48884E+12
1515,329,,1.48893E+12
1515,333,,1.48902E+12
1515,334,,1.4891E+12
1515,333,,1.48919E+12
1515,328,,1.48928E+12
1515,326,,1.48936E+12
1515,328,,1.48945E+12
1515,326,,1.48954E+12
1515,327,,1.48962E+12
1515,326,,1.48971E+12
1515,328,,1.4898E+12
1515,330,,1.48988E+12
1515,328,,1.48997E+12
1515,333,,1.49005E+12
1515,336,,1.49014E+12
1515,341,,1.49023E+12
1515,338,,1.49031E+12
1515,335,,1.4904E+12
1515,337,,1.49049E+12
1515,342,,1.49057E+12
1515,343,,1.49066E+12
1515,346,,1.49075E+12
1515,351,,1.49083E+12
1515,350,,1.49092E+12
1515,353,,1.491E+12
1515,355,,1.49109E+12
1515,355,,1.49118E+12
1515,362,,1.49126E+12
1515,365,,1.49135E+12
1515,362,,1.49204E+12
1515,359,,1.49213E+12
1515,356,,1.49221E+12
1515,351,,1.4923E+12
1515,338,,1.49239E+12
1515,328,,1.49247E+12
1515,339,,1.49256E+12
1515,342,,1.49265E+12
1515,339,,1.49273E+12
1515,331,,1.49282E+12
1515,326,,1.49291E+12
1515,327,,1.49299E+12
1515,331,,1.49308E+12
1515,338,,1.49316E+12
1515,342,,1.49325E+12
1515,344,,1.49334E+12
1515,349,,1.49342E+12
1515,356,,1.49351E+12
1515,355,,1.4936E+12
1515,358,,1.49368E+12
1515,357,,1.49377E+12
1515,357,,1.49386E+12
1515,356,,1.49394E+12
1515,352,,1.49403E+12
1515,351,,1.49412E+12
1515,348,,1.4942E+12
1515,353,,1.49429E+12
1515,354,,1.49437E+12
1515,355,,1.49446E+12
1515,358,,1.49455E+12
1515,355,,1.49463E+12
1515,354,,1.49472E+12
1515,358,,1.49481E+12
1515,361,,1.49489E+12
1515,363,,1.49498E+12
1515,365,,1.49507E+12
1515,375,,1.49515E+12
1515,383,,1.49524E+12
1515,376,,1.49532E+12
1515,369,,1.49541E+12
1515,359,,1.4955E+12
1515,351,,1.49558E+12
1515,347,,1.49567E+12
1515,334,,1.49576E+12
1515,325,,1.49584E+12
1515,328,,1.49593E+12
1515,334,,1.49602E+12
1515,334,,1.4961E+12
1515,328,,1.49619E+12
1515,330,,1.49628E+12
1515,329,,1.49636E+12
1515,329,,1.49645E+12
1515,329,,1.49653E+12
1515,334,,1.49679E+12
1515,342,,1.49688E+12
1515,343,,1.49697E+12
1515,342,,1.49705E+12
1515,340,,1.49714E+12
1515,337,,1.49723E+12
1515,335,,1.49731E+12
1515,338,,1.4974E+12
1515,344,,1.49748E+12
1515,344,,1.49757E+12
1515,347,,1.49766E+12
1515,347,,1.49774E+12
1515,351,,1.49783E+12
1515,351,,1.49792E+12
1515,351,,1.498E+12
1515,351,,1.49809E+12
1515,353,,1.49818E+12
1515,352,,1.49826E+12
1515,350,,1.49835E+12
1515,351,,1.49844E+12
1515,355,,1.49852E+12
1515,354,,1.49861E+12
1515,351,,1.49869E+12
1515,350,,1.49878E+12
1515,348,,1.49887E+12
1515,348,,1.49895E+12
1515,348,,1.49904E+12
1515,350,,1.49913E+12
1515,347,,1.49921E+12
1515,347,,1.4993E+12
1515,345,,1.49939E+12
1515,344,,1.49947E+12
1515,344,,1.49956E+12
1515,359,,1.49999E+12
1515,358,,1.50008E+12
1515,353,,1.50016E+12
1515,354,,1.50025E+12
1515,356,,1.50034E+12
1515,366,,1.50042E+12
1515,373,,1.50051E+12
1515,374,,1.5006E+12
1515,371,,1.50068E+12
1515,367,,1.50077E+12
1515,361,,1.50085E+12
1515,361,,1.50094E+12
1515,362,,1.50103E+12
1515,359,,1.50111E+12
1515,360,,1.5012E+12
1515,359,,1.50129E+12
1515,355,,1.50137E+12
1515,354,,1.50146E+12
1515,355,,1.50155E+12
1515,357,,1.50163E+12
1515,354,,1.50172E+12
1515,349,,1.5018E+12
1515,349,,1.50189E+12
1515,345,,1.50198E+12
1515,341,,1.50206E+12
1515,359,,1.50232E+12
1515,358,,1.50241E+12
1515,354,,1.5025E+12
1515,352,,1.50258E+12
1515,352,,1.50267E+12
1515,353,,1.50276E+12
1515,353,,1.50284E+12
1515,352,,1.50293E+12
1515,351,,1.50301E+12
1515,349,,1.5031E+12
1515,346,,1.50319E+12
1515,342,,1.50327E+12
1515,341,,1.50336E+12
1515,343,,1.50345E+12
1515,347,,1.50353E+12
1515,348,,1.50362E+12
1515,346,,1.50371E+12
1515,343,,1.50379E+12
1515,337,,1.50388E+12
1515,335,,1.50396E+12
1515,335,,1.50405E+12
1515,333,,1.50414E+12
1515,332,,1.50422E+12
1515,332,,1.50431E+12
1515,331,,1.5044E+12
1515,332,,1.50448E+12
1515,330,,1.50457E+12
1515,331,,1.50466E+12
1515,331,,1.50474E+12
1515,328,,1.50483E+12
1515,323,,1.50492E+12
1515,321,,1.505E+12
1515,323,,1.50509E+12
1515,326,,1.50517E+12
1515,329,,1.50526E+12
1515,327,,1.50535E+12
1515,327,,1.50543E+12
1515,328,,1.50552E+12
1515,325,,1.50561E+12
1515,322,,1.50569E+12
1515,321,,1.50578E+12
1515,322,,1.50587E+12
1515,321,,1.50595E+12
1515,319,,1.50604E+12
1515,317,,1.50612E+12
1515,316,,1.50621E+12
1515,315,,1.5063E+12
1515,317,,1.50638E+12
1515,325,,1.50647E+12
1515,328,,1.50656E+12
1515,331,,1.50664E+12
1515,332,,1.50673E+12
1515,338,,1.50682E+12
1515,342,,1.5069E+12
1515,344,,1.50699E+12
1515,344,,1.50708E+12
1515,345,,1.50716E+12
1515,346,,1.50725E+12
1515,344,,1.50733E+12
1515,340,,1.50742E+12
1515,337,,1.50751E+12
1515,336,,1.50759E+12
1515,336,,1.50768E+12
1515,338,,1.50777E+12
1515,341,,1.50785E+12
1515,340,,1.50794E+12
1515,336,,1.50803E+12
1515,336,,1.50811E+12
1515,338,,1.5082E+12
1515,343,,1.50828E+12
1515,350,,1.50837E+12
1515,367,,1.50846E+12
1515,382,,1.50854E+12
1515,386,,1.50863E+12
1515,384,,1.50872E+12
1515,378,,1.5088E+12
1515,379,,1.50889E+12
1515,372,,1.50898E+12
1515,365,,1.50906E+12
1515,355,,1.50915E+12
1515,346,,1.50924E+12
1515,337,,1.50932E+12
1515,333,,1.50941E+12
1515,333,,1.50949E+12
1515,338,,1.50958E+12
1515,343,,1.50967E+12
1515,342,,1.50975E+12
1515,342,,1.50984E+12
1515,344,,1.50993E+12
1515,349,,1.51001E+12
1515,351,,1.5101E+12
1515,354,,1.51019E+12
1515,356,,1.51027E+12
1515,353,,1.51036E+12
1515,350,,1.51044E+12
1515,347,,1.51053E+12
1515,346,,1.51062E+12
1515,345,,1.5107E+12
1515,345,,1.51079E+12
1515,343,,1.51088E+12
1515,343,,1.51096E+12
1515,339,,1.51105E+12
1515,338,,1.51114E+12
1515,335,,1.51122E+12
1515,331,,1.51131E+12
1515,331,,1.5114E+12
1515,329,,1.51148E+12
1515,324,,1.51157E+12
1515,318,,1.51165E+12
1515,318,,1.51174E+12
1515,319,,1.51183E+12
1515,318,,1.51191E+12
1515,317,,1.512E+12
1515,319,,1.51209E+12
1515,321,,1.51217E+12
1515,321,,1.51226E+12
1515,319,,1.51235E+12
1515,320,,1.51243E+12
1515,325,,1.51252E+12
1515,330,,1.5126E+12
1515,335,,1.51269E+12
1515,332,,1.51278E+12
1515,333,,1.51286E+12
1515,331,,1.51295E+12
1515,330,,1.51304E+12
1515,329,,1.51312E+12
1515,326,,1.51321E+12
1515,325,,1.5133E+12
1515,323,,1.51338E+12
1515,323,,1.51347E+12
1515,321,,1.51356E+12
1515,320,,1.51364E+12
1515,320,,1.51373E+12
1515,320,,1.51381E+12
1515,320,,1.5139E+12
1515,318,,1.51399E+12
1515,319,,1.51407E+12
1515,317,,1.51416E+12
1515,320,,1.51425E+12
1515,320,,1.51433E+12
1515,323,,1.51442E+12
1515,324,,1.51451E+12
1515,324,,1.51459E+12
1515,322,,1.51468E+12
1515,319,,1.51476E+12
1515,316,,1.51485E+12
1515,315,,1.51494E+12
1515,315,,1.51502E+12
1515,315,,1.51511E+12
1515,314,,1.5152E+12
1515,312,,1.51528E+12
1515,308,,1.51537E+12
1515,305,,1.51546E+12
1515,304,,1.51554E+12
1515,306,,1.51563E+12
1515,309,,1.51572E+12
1515,311,,1.5158E+12
1515,311,,1.51589E+12
1515,314,,1.51597E+12
1515,319,,1.51606E+12
1515,325,,1.51615E+12
1515,332,,1.51623E+12
1515,333,,1.51632E+12
1515,333,,1.51641E+12
1515,333,,1.51649E+12
1515,336,,1.51658E+12
1515,335,,1.51667E+12
1515,333,,1.51675E+12
1515,334,,1.51684E+12
1515,337,,1.51692E+12
1515,337,,1.51701E+12
1515,337,,1.5171E+12
1515,334,,1.51718E+12
1515,332,,1.51727E+12
1515,333,,1.51736E+12
1515,340,,1.51753E+12
1515,342,,1.51762E+12
1515,343,,1.5177E+12
1515,339,,1.51779E+12
1515,337,,1.51788E+12
1515,335,,1.51796E+12
1515,335,,1.51805E+12
1515,332,,1.51813E+12
1515,317,,1.51822E+12
1515,301,,1.51831E+12
1515,288,,1.51839E+12
1515,287,,1.51848E+12
1515,284,,1.51857E+12
1515,282,,1.51865E+12
1515,273,,1.51874E+12
1515,265,,1.51883E+12
1515,261,,1.51891E+12
1515,269,,1.519E+12
1515,274,,1.51908E+12
1515,278,,1.51917E+12
1515,288,,1.51926E+12
1515,296,,1.51934E+12
1515,299,,1.51943E+12
1515,295,,1.51952E+12
1515,293,,1.5196E+12
1515,292,,1.51969E+12
1515,289,,1.51978E+12
1515,289,,1.51986E+12
1515,287,,1.51995E+12
1515,286,,1.52004E+12
1515,285,,1.52012E+12
1515,286,,1.52021E+12
1515,285,,1.52029E+12
1515,285,,1.52038E+12
1515,285,,1.52047E+12
1515,286,,1.52055E+12
1515,289,,1.52064E+12
1515,292,,1.52073E+12
1515,291,,1.52081E+12
1515,293,,1.5209E+12
1515,292,,1.52099E+12
1515,293,,1.52107E+12
1515,294,,1.52116E+12
1515,300,,1.52124E+12
1515,301,,1.52133E+12
1515,300,,1.52142E+12
1515,299,,1.52159E+12
1515,299,,1.52168E+12
1515,299,,1.52185E+12
1515,299,,1.52194E+12
1515,301,,1.52211E+12
1515,302,,1.5222E+12
1515,306,,1.52228E+12
1515,307,,1.52237E+12
1515,302,,1.52245E+12
1515,301,,1.52254E+12
1515,299,,1.52263E+12
1515,298,,1.52271E+12
1515,299,,1.5228E+12
1515,302,,1.52289E+12
1515,302,,1.52297E+12
1515,300,,1.52306E+12
1515,299,,1.52323E+12
1515,299,,1.52332E+12
1515,298,,1.5234E+12
1515,299,,1.52349E+12
1515,302,,1.52358E+12
1515,302,,1.52366E+12
1515,301,,1.52375E+12
1515,299,,1.52392E+12
1515,300,,1.52401E+12
1515,300,,1.5241E+12
1515,299,,1.52418E+12
1515,298,,1.52427E+12
1515,298,,1.52436E+12
1515,298,,1.52444E+12
1515,298,,1.52453E+12
1515,299,,1.52461E+12
1515,301,,1.5247E+12
1515,301,,1.52479E+12
1515,301,,1.52487E+12
1515,302,,1.52496E+12
1515,305,,1.52505E+12
1515,305,,1.52513E+12
1515,319,,1.52531E+12
1515,316,,1.52539E+12
1515,311,,1.52548E+12
1515,306,,1.52556E+12
1515,303,,1.52565E+12
1515,300,,1.52574E+12
1515,299,,1.52582E+12
1515,300,,1.52591E+12
1515,300,,1.526E+12
1515,299,,1.52608E+12
1515,297,,1.52617E+12
1515,298,,1.52626E+12
1515,297,,1.52634E+12
1515,297,,1.52643E+12
1515,296,,1.52652E+12
1515,296,,1.5266E+12
1515,296,,1.52669E+12
1515,294,,1.52677E+12
1515,294,,1.52686E+12
1515,294,,1.52695E+12
1515,294,,1.52703E+12
1515,295,,1.52712E+12
1515,295,,1.52721E+12
1515,295,,1.52729E+12
1515,295,,1.52738E+12
1515,295,,1.52747E+12
1515,294,,1.52755E+12
1515,294,,1.52764E+12
1515,294,,1.52772E+12
1515,295,,1.52781E+12
1515,295,,1.5279E+12
1515,293,,1.52798E+12
1515,293,,1.52807E+12
1515,292,,1.52816E+12
1515,292,,1.52824E+12
1515,289,,1.52833E+12
1515,283,,1.52842E+12
1515,274,,1.5285E+12
1515,272,,1.52859E+12
1515,274,,1.52868E+12
1515,270,,1.52876E+12
1515,264,,1.52885E+12
1515,260,,1.52893E+12
1515,260,,1.52902E+12
1515,257,,1.52911E+12
1515,256,,1.52919E+12
1515,255,,1.52928E+12
1515,254,,1.52937E+12
1515,253,,1.52945E+12
1515,253,,1.52954E+12
1515,254,,1.52963E+12
1515,255,,1.52971E+12
1515,254,,1.5298E+12
1515,255,,1.52988E+12
1515,258,,1.52997E+12
1515,261,,1.53006E+12
1515,263,,1.53014E+12
1515,265,,1.53023E+12
1515,262,,1.53032E+12
1515,257,,1.5304E+12
1515,256,,1.53049E+12
1515,254,,1.53058E+12
1515,255,,1.53066E+12
1515,255,,1.53075E+12
1515,254,,1.53084E+12
1515,251,,1.53092E+12
1515,250,,1.53101E+12
1515,246,,1.53109E+12
1515,246,,1.53118E+12
1515,248,,1.53127E+12
1515,251,,1.53135E+12
1515,253,,1.53144E+12
1515,252,,1.53153E+12
1515,248,,1.53161E+12
1515,246,,1.5317E+12
1515,247,,1.53179E+12
1515,249,,1.53187E+12
1515,250,,1.53196E+12
1515,251,,1.53204E+12
1515,250,,1.53213E+12
1515,248,,1.53222E+12
1515,245,,1.5323E+12
1515,241,,1.53239E+12
1515,239,,1.53248E+12
1515,239,,1.53256E+12
1515,237,,1.53265E+12
1515,234,,1.53274E+12
1515,233,,1.53282E+12
1515,228,,1.53291E+12
1515,224,,1.533E+12
1515,223,,1.53308E+12
1515,225,,1.53317E+12
1515,227,,1.53325E+12
1515,230,,1.53334E+12
1515,234,,1.53343E+12
1515,241,,1.53351E+12
1515,244,,1.5336E+12
1515,249,,1.53369E+12
1515,256,,1.53377E+12
1515,262,,1.53386E+12
1515,265,,1.53395E+12
1515,271,,1.53403E+12
1515,275,,1.53412E+12
1515,280,,1.53429E+12
1515,287,,1.53446E+12
1515,289,,1.53455E+12
1515,290,,1.53464E+12
1515,285,,1.53472E+12
1515,286,,1.53481E+12
1515,286,,1.5349E+12
1515,286,,1.53498E+12
1515,285,,1.53507E+12
1515,284,,1.53516E+12
1515,285,,1.53524E+12
1515,283,,1.53533E+12
1515,284,,1.53541E+12
1515,284,,1.5355E+12
1515,285,,1.53559E+12
1515,287,,1.53567E+12
1515,286,,1.53576E+12
1515,285,,1.53585E+12
1515,286,,1.53593E+12
1515,284,,1.53602E+12
1515,282,,1.53611E+12
1515,280,,1.53619E+12
1515,279,,1.53628E+12
1515,276,,1.53636E+12
1515,270,,1.53645E+12
1515,267,,1.53654E+12
1515,263,,1.53662E+12
1515,262,,1.53671E+12
1515,261,,1.5368E+12
1515,262,,1.53688E+12
1515,260,,1.53697E+12
1515,256,,1.53706E+12
1515,256,,1.53714E+12
1515,255,,1.53723E+12
1515,255,,1.53732E+12
1515,255,,1.5374E+12
1515,254,,1.53749E+12
1515,252,,1.53757E+12
1515,249,,1.53766E+12
1515,253,,1.53775E+12
1515,258,4025283,1.53783E+12
1515,258,1735086,1.53792E+12
1515,261,4825449,1.53801E+12
1515,263,8928786,1.53809E+12
1515,268,6322882,1.53818E+12
1515,273,7046147,1.53827E+12
1515,275,7186478,1.53835E+12
1515,278,3609843,1.53852E+12
1515,280,3735325,1.53861E+12
1515,283,6573462,1.5387E+12
1515,280,14873761,1.53878E+12
1515,274,5044532,1.53887E+12
1515,271,9190125,1.53896E+12
1515,268,8832572,1.53904E+12
1515,268,1326135,1.53913E+12
1515,273,7999865,1.53922E+12
1515,275,4982534,1.5393E+12
1515,272,10254692,1.53939E+12
1515,272,17517,1.53948E+12
1515,271,7436936,1.53956E+12
1515,278,5562254,1.53965E+12
1515,279,266848,1.53973E+12
1515,277,8524301,1.53982E+12
1515,275,9223984,1.53991E+12
1515,268,3843734,1.53999E+12
1515,263,7517381,1.54008E+12
1515,260,7825693,1.54017E+12
1515,263,4408938,1.54025E+12
1515,260,7403333,1.54034E+12
1515,260,5616915,1.54043E+12
1515,260,6186051,1.54051E+12
1515,260,8733682,1.5406E+12
1515,257,2292614,1.54068E+12
1515,257,4294055,1.54077E+12
1515,257,8134159,1.54086E+12
1515,260,10892645,1.54094E+12
1515,263,10832469,1.54103E+12
1515,263,6297050,1.54112E+12
1515,263,9105132,1.54129E+12
1515,261,12600658,1.54138E+12
1515,259,12352130,1.54146E+12
1515,255,7142034,1.54155E+12
1515,252,10105559,1.54164E+12
1515,247,8339998,1.54172E+12
1515,238,15884812,1.54181E+12
1515,234,7771992,1.54189E+12
1515,236,13434172,1.54198E+12
1515,239,11035412,1.54207E+12
1515,240,7117605,1.54215E+12
1515,242,11367107,1.54224E+12
1515,245,15450710,1.54233E+12
1515,245,9014582,1.54241E+12
1515,241,12036640,1.5425E+12
1515,240,7772670,1.54259E+12
1515,241,17061814,1.54267E+12
1515,242,7637875,1.54276E+12
1515,244,11341189,1.54284E+12
1515,243,9614276,1.54293E+12
1515,241,13600146,1.54302E+12
1515,239,2785611,1.5431E+12
1515,238,6936321,1.54319E+12
1515,241,12074792,1.54328E+12
1515,243,12124558,1.54336E+12
1515,245,12327455,1.54345E+12
1515,246,7021156,1.54354E+12
1515,245,3247775,1.54371E+12
1515,242,4889265,1.5438E+12
1515,242,12477838,1.54388E+12
1515,242,13881751,1.54397E+12
1515,242,12110973,1.54405E+12
1515,239,17842979,1.54423E+12
1515,241,13666474,1.5444E+12
1515,240,8250036,1.54449E+12
1515,242,11598468,1.54457E+12
1515,243,12736194,1.54466E+12
1515,244,10321834,1.54475E+12
1515,245,10764041,1.54483E+12
1515,246,1742773,1.54492E+12
1515,251,7014427,1.545E+12
1515,255,14914681,1.54509E+12
1515,258,9758405,1.54518E+12
1515,261,10493741,1.54526E+12
1515,261,13056213,1.54535E+12
1515,261,8883899,1.54544E+12
1515,263,15402999,1.54552E+12
1515,265,12707326,1.54561E+12
1515,274,7355384,1.5457E+12
1515,285,8496557,1.54578E+12
1515,290,19614508,1.54587E+12
1515,295,6659222,1.54596E+12
1515,301,19925758,1.54604E+12
1515,307,8999817,1.54613E+12
1515,310,14495833,1.54621E+12
1515,308,7682109,1.5463E+12
1515,306,14793406,1.54639E+12
1515,302,11973984,1.54647E+12
1515,299,8568920,1.54656E+12
1515,298,13921971,1.54665E+12
1515,301,2989440,1.54673E+12
1515,303,5102315,1.54682E+12
1515,303,10592290,1.54699E+12
1515,288,7017285,1.54716E+12
1515,274,14506149,1.54725E+12
1515,261,5027383,1.54734E+12
1515,256,11514091,1.54742E+12
1515,258,12042564,1.54751E+12
1515,264,10248132,1.5476E+12
1515,266,11966842,1.54768E+12
1515,268,10201812,1.54777E+12
1515,270,14808006,1.54786E+12
1515,271,1387428,1.54794E+12
1515,278,7716547,1.54803E+12
1515,284,14859303,1.54812E+12
1515,290,443190,1.5482E+12
1515,295,9411592,1.54829E+12
1515,293,13185752,1.54837E+12
1515,290,10917489,1.54846E+12
1515,289,12057734,1.54855E+12
1515,289,7056084,1.54863E+12
1515,290,14419918,1.54872E+12
1515,292,11717334,1.54881E+12
1515,290,7681724,1.54889E+12
1515,286,19997430,1.54898E+12
1515,281,9498463,1.54907E+12
1515,277,3999746,1.54915E+12
1515,277,5934724,1.54924E+12
1515,283,17829695,1.54932E+12
1515,286,6343040,1.54941E+12
1515,288,17387767,1.5495E+12
1515,289,11043215,1.54958E+12
1515,289,11157157,1.54967E+12
1515,290,639178,1.54976E+12
1515,292,13283613,1.54984E+12
1515,296,9312265,1.54993E+12
1515,295,4538039,1.55002E+12
1515,293,5529031,1.5501E+12
1515,296,20095092,1.55019E+12
1515,295,12739216,1.55028E+12
1515,297,10669775,1.55036E+12
1515,301,12001222,1.55045E+12
1515,301,10213337,1.55053E+12
1515,306,10209942,1.55062E+12
1515,309,10463172,1.55071E+12
1515,315,8740977,1.55079E+12
1515,315,13066848,1.55088E+12
1515,315,15353213,1.55097E+12
1515,315,14814809,1.55105E+12
1515,318,10503009,1.55114E+12
1515,323,8128033,1.55123E+12
1515,325,7254625,1.55131E+12
1515,331,11169103,1.5514E+12
1515,332,10864114,1.55148E+12
1515,331,12593868,1.55157E+12
1515,334,12511534,1.55166E+12
1515,339,12982609,1.55174E+12
1515,336,3565087,1.55183E+12
1515,332,11688973,1.55192E+12
1515,327,5119818,1.552E+12
1515,323,12135416,1.55209E+12
1515,320,15472666,1.55218E+12
1515,325,12006404,1.55226E+12
1515,332,16558407,1.55235E+12
1515,342,6265595,1.55244E+12
1515,353,14391317,1.55252E+12
1515,347,8226688,1.55261E+12
1515,342,11308301,1.55269E+12
1515,339,5065909,1.55278E+12
1515,340,5330400,1.55287E+12
1515,345,9917436,1.55295E+12
1515,353,807581,1.55304E+12
1515,356,12029479,1.55313E+12
1515,355,7602550,1.55321E+12
1515,352,20418173,1.5533E+12
1515,344,3352378,1.55339E+12
1515,333,7624130,1.55347E+12
1515,327,14672019,1.55356E+12
1515,330,5114623,1.55364E+12
1515,336,10197753,1.55373E+12
1515,336,17999326,1.55382E+12
1515,338,4269180,1.5539E+12
1515,352,12847385,1.55399E+12
1515,344,782650,1.55408E+12
1515,338,9557197,1.55416E+12
1515,334,2285125,1.55425E+12
1515,333,12196751,1.55434E+12
1515,332,11500293,1.55442E+12
1515,333,6598734,1.55451E+12
1515,333,14240058,1.5546E+12
1515,332,11692783,1.55468E+12
1515,328,9894987,1.55477E+12
1515,328,8216584,1.55485E+12
1515,329,8733680,1.55494E+12
1515,325,16647327,1.55503E+12
1515,317,14148663,1.55511E+12
1515,308,4739864,1.5552E+12
1515,293,9231396,1.55529E+12
1515,285,3666581,1.55537E+12
1515,282,1600115,1.55546E+12
1515,278,13642009,1.55555E+12
1515,276,10654324,1.55563E+12
1515,277,16449731,1.55572E+12
1515,278,7648048,1.5558E+12
1515,287,793152,1.55589E+12
1515,293,15691283,1.55598E+12
1515,295,10479472,1.55606E+12
1515,298,13871924,1.55615E+12
1515,296,13182515,1.55624E+12
1515,296,9454003,1.55632E+12
1515,301,383697,1.55641E+12
1515,311,9923690,1.5565E+12
1515,317,14540237,1.55658E+12
1515,315,8209308,1.55667E+12
1515,318,9417678,1.55676E+12
1515,321,16185732,1.55684E+12
1515,328,14230664,1.55693E+12
1515,333,11067668,1.55701E+12
1515,325,976960,1.5571E+12
1515,315,13922131,1.55719E+12
1515,299,10507742,1.55727E+12
1515,284,9594789,1.55736E+12
1515,275,15447593,1.55745E+12
1515,268,12223993,1.55753E+12
1515,256,19022951,1.55762E+12
1515,253,15199908,1.55771E+12
1515,258,13770166,1.55779E+12
1515,267,543804,1.55788E+12
1515,270,12138920,1.55796E+12
1515,271,7476882,1.55805E+12
1515,273,19695124,1.55814E+12
1515,275,500495,1.55822E+12
1515,275,13900870,1.55831E+12
1515,274,8399202,1.5584E+12
1515,271,9955660,1.55848E+12
1515,270,12716169,1.55857E+12
1515,268,10987708,1.55866E+12
1515,262,14493984,1.55874E+12
1515,257,9672907,1.55883E+12
1515,256,1485973,1.55892E+12
1515,246,13992034,1.559E+12
1515,240,4980161,1.55909E+12
1515,241,12019359,1.55917E+12
1515,242,8693981,1.55926E+12
1515,242,11591348,1.55935E+12
1515,242,15275834,1.55943E+12
1515,233,11631522,1.55952E+12
1515,223,18423672,1.55961E+12
1515,220,1932200,1.55969E+12
1515,229,10967263,1.55978E+12
1515,237,10573748,1.55987E+12
1515,241,15093503,1.55995E+12
1515,235,3015687,1.56004E+12
1515,223,5493448,1.56012E+12
1515,213,16042798,1.56021E+12
1515,222,10161583,1.5603E+12
1515,233,14781543,1.56038E+12
1515,235,12613220,1.56047E+12
1515,239,8350067,1.56056E+12
1515,243,948336,1.56064E+12
1515,248,13331391,1.56073E+12
1515,254,7913401,1.56082E+12
1515,265,12419117,1.5609E+12
1515,269,17920048,1.56099E+12
1515,275,9972731,1.56108E+12
1515,278,8388209,1.56116E+12
1515,278,71228,1.56125E+12
1515,275,9428171,1.56133E+12
1515,272,12184706,1.56142E+12
1515,268,11145910,1.56151E+12
1515,262,14814061,1.56159E+12
1515,256,5628153,1.56168E+12
1515,256,13572712,1.56177E+12
1515,258,2774199,1.56185E+12
1515,256,7360602,1.56194E+12
1515,254,14208146,1.56203E+12
1515,254,13544797,1.56211E+12
1515,256,8849441,1.5622E+12
1515,251,14526508,1.56228E+12
1515,244,10904320,1.56237E+12
1515,243,12379557,1.56246E+12
1515,232,10518082,1.56254E+12
1515,225,13878067,1.56263E+12
1515,228,594251,1.56272E+12
1515,228,9250005,1.5628E+12
1515,227,18054250,1.56289E+12
1515,229,6269108,1.56298E+12
1515,234,6058017,1.56306E+12
1515,229,8073239,1.56315E+12
1515,226,11488480,1.56324E+12
1515,226,4127853,1.56332E+12
1515,228,9033707,1.56341E+12
1515,229,10252097,1.56349E+12
1515,229,10317648,1.56358E+12
1515,230,2411565,1.56367E+12
1515,227,13038035,1.56375E+12
1515,234,15510686,1.56384E+12
1515,237,778666,1.56393E+12
1515,235,9429779,1.56401E+12
1515,231,10377968,1.5641E+12
1515,228,14104631,1.56419E+12
1515,227,12447120,1.56427E+12
1515,221,11082746,1.56436E+12
1515,209,16916430,1.56444E+12
1515,204,2829877,1.56453E+12
1515,204,12936382,1.56462E+12
1515,203,11643583,1.5647E+12
1515,205,20472409,1.56479E+12
1515,202,3748757,1.56488E+12
1515,196,16904277,1.56496E+12
1515,195,12488916,1.56505E+12
1515,199,4822007,1.56514E+12
1515,206,10355116,1.56522E+12
1515,207,8211326,1.56531E+12
1515,208,22248415,1.5654E+12
1515,200,9620077,1.56548E+12
1515,193,11750510,1.56557E+12
1515,188,10921037,1.56565E+12
1515,197,12314560,1.56574E+12
1515,200,13122994,1.56583E+12
1515,203,20139595,1.56591E+12
1515,203,4806762,1.566E+12
1515,205,15944568,1.56609E+12
1515,203,11249306,1.56617E+12
1515,200,9600575,1.56626E+12
1515,200,12294194,1.56635E+12
1515,199,13686969,1.56643E+12
1515,202,9248156,1.56652E+12
1515,202,19527046,1.5666E+12
1515,202,8198870,1.56669E+12
1515,200,16244647,1.56678E+12
1515,194,11275352,1.56686E+12
1515,186,17540127,1.56695E+12
1515,190,10928805,1.56704E+12
1515,195,20209210,1.56712E+12
1515,198,8436410,1.56721E+12
1515,193,5605953,1.5673E+12
1515,191,7277296,1.56738E+12
1515,190,19519755,1.56747E+12
1515,192,11374561,1.56756E+12
1515,192,12072266,1.56764E+12
1515,195,7890891,1.56773E+12
1515,196,18491029,1.56781E+12
1515,199,11453110,1.5679E+12
1515,197,9635052,1.56799E+12
1515,202,8678728,1.56807E+12
1515,206,,1.56816E+12
1515,205,8796067,1.56825E+12
1515,202,9158428,1.56833E+12
1515,202,12896260,1.56842E+12
1515,201,14689405,1.56851E+12
1515,194,13696380,1.56859E+12
1515,194,12199700,1.56868E+12
1515,197,9133092,1.56876E+12
1515,199,8519572,1.56885E+12
1515,199,7070374,1.56894E+12
1515,200,14116290,1.56902E+12
1515,198,12905358,1.56911E+12
1515,191,14424559,1.5692E+12
1515,194,6305455,1.56928E+12
1515,193,12746547,1.56937E+12
1515,192,14364125,1.56946E+12
1515,190,7881753,1.56954E+12
1515,186,13286516,1.56963E+12
1515,185,9281235,1.56972E+12
1515,177,9033815,1.5698E+12
1515,178,15144793,1.56989E+12
1515,180,6444935,1.56997E+12
1515,182,9975507,1.57006E+12
1515,183,9645746,1.57015E+12
1515,180,12357727,1.57023E+12
1515,180,5143619,1.57032E+12
1515,176,10393254,1.57041E+12
1515,171,13042589,1.57049E+12
1515,172,4670634,1.57058E+12
1515,174,12708199,1.57067E+12
1515,173,9266863,1.57075E+12
1515,170,11275783,1.57084E+12
1515,167,,1.57092E+12
1515,167,15248045,1.57101E+12
1515,166,7759801,1.5711E+12
1515,165,12124983,1.57118E+12
1515,165,5713039,1.57127E+12
1515,167,13569102,1.57136E+12
1515,167,13539826,1.57144E+12
1515,168,9007114,1.57153E+12
1515,168,8813602,1.57162E+12
1515,167,9250870,1.5717E+12
1515,168,12412759,1.57179E+12
1515,169,8034496,1.57188E+12
1515,171,10108202,1.57196E+12
1515,172,12167868,1.57205E+12
1515,173,7943624,1.57213E+12
1515,176,12312555,1.57222E+12
1515,178,5247564,1.57231E+12
1515,180,7425210,1.57239E+12
1515,180,9715665,1.57248E+12
1515,178,9531435,1.57257E+12
1515,176,11745058,1.57265E+12
1515,168,3385431,1.57274E+12
1515,170,11516592,1.57283E+12
1515,170,5506401,1.57291E+12
1515,171,9524142,1.573E+12
1515,170,7865059,1.57308E+12
1515,170,11753461,1.57317E+12
1515,172,11701083,1.57326E+12
1515,175,2678300,1.57334E+12
1515,176,1552382,1.57343E+12
1515,176,7644128,1.57352E+12
1515,177,7335582,1.5736E+12
1515,179,9288941,1.57369E+12
1515,179,14916185,1.57378E+12
1515,179,15976621,1.57386E+12
1515,181,3980831,1.57395E+12
1515,180,13173194,1.57404E+12
1515,184,6595600,1.57412E+12
1515,188,1962504,1.57421E+12
1515,194,5168946,1.57429E+12
1515,193,13486642,1.57438E+12
1515,191,14529314,1.57447E+12
1515,192,11699155,1.57455E+12
1515,196,10038324,1.57464E+12
1515,202,13342203,1.57473E+12
1515,208,4537407,1.57481E+12
1515,208,8899567,1.5749E+12
1515,205,5981661,1.57499E+12
1515,199,10964755,1.57507E+12
1515,197,8738730,1.57516E+12
1515,196,6700638,1.57524E+12
1515,194,12406695,1.57533E+12
1515,193,8380122,1.57542E+12
1515,199,4219803,1.5755E+12
1515,200,4933326,1.57559E+12
1515,200,10666729,1.57568E+12
1515,197,6998326,1.57576E+12
1515,190,9654191,1.57585E+12
1515,184,8369764,1.57594E+12
1515,178,8819196,1.57602E+12
1515,174,6970863,1.57611E+12
1515,168,11843795,1.5762E+12
1515,165,8584225,1.57628E+12
1515,170,2122677,1.57637E+12
1515,173,8919677,1.57645E+12
1515,176,10609892,1.57654E+12
1515,181,6592781,1.57663E+12
1515,182,7898876,1.57671E+12
1515,182,11532474,1.5768E+12
1515,183,11261496,1.57689E+12
1515,185,12548969,1.57697E+12
1515,187,7319594,1.57706E+12
1515,185,11520560,1.57715E+12
1515,187,12416810,1.57723E+12
1515,186,6982915,1.57732E+12
1515,186,14831499,1.5774E+12
1515,185,12533574,1.57749E+12
1515,187,7584009,1.57758E+12
1515,188,10394722,1.57766E+12
1515,189,9718759,1.57775E+12
1515,188,9189193,1.57784E+12
1515,191,12266801,1.57792E+12
1515,194,6705758,1.57801E+12
1515,196,7602840,1.5781E+12
1515,196,12749981,1.57818E+12
1515,197,7787347,1.57827E+12
1515,195,15406263,1.57836E+12
1515,190,5043347,1.57844E+12
1515,191,7414927,1.57853E+12
1515,192,12094743,1.57861E+12
1515,190,13170013,1.5787E+12
1515,182,3873940,1.57879E+12
1515,180,4980203,1.57887E+12
1515,180,8670598,1.57896E+12
1515,179,12627535,1.57905E+12
1515,182,10565163,1.57913E+12
1515,183,10907453,1.57922E+12
1515,182,6017306,1.57931E+12
1515,181,4180992,1.57939E+12
1515,179,9106878,1.57948E+12
1515,178,5622725,1.57956E+12
1515,176,11925811,1.57965E+12
1515,174,9547340,1.57974E+12
1515,173,11200106,1.57982E+12
1515,172,7950177,1.57991E+12
1515,172,14188647,1.58E+12
1515,171,9024682,1.58008E+12
1515,171,7972619,1.58017E+12
1515,173,9930223,1.58026E+12
1515,175,9673007,1.58034E+12
1515,177,9022445,1.58043E+12
1515,177,10808943,1.58052E+12
1515,176,14431190,1.5806E+12
1515,175,8852217,1.58069E+12
1515,176,11019988,1.58077E+12
1515,177,9150765,1.58086E+12
1515,178,13100946,1.58095E+12
1515,175,8446354,1.58103E+12
1515,171,11766455,1.58112E+12
1515,168,9595903,1.58121E+12
1515,167,15850122,1.58129E+12
1515,169,7954334,1.58138E+12
1515,171,8921351,1.58147E+12
1515,172,6484657,1.58155E+12
1515,173,14348647,1.58164E+12
1515,173,7722102,1.58172E+12
1515,171,10060376,1.58181E+12
1515,168,12640512,1.5819E+12
1515,166,12242302,1.58198E+12
1515,168,8014812,1.58207E+12
1515,170,13460947,1.58216E+12
1515,171,3358889,1.58224E+12
1515,171,16058340,1.58233E+12
1515,170,8592408,1.58242E+12
1515,170,10673045,1.5825E+12
1515,169,10140231,1.58259E+12
1515,166,11104952,1.58268E+12
1515,165,9217564,1.58276E+12
1515,163,15462315,1.58285E+12
1515,162,4756153,1.58293E+12
1515,161,14166071,1.58302E+12
1515,161,8376188,1.58311E+12
1515,166,12206877,1.58319E+12
1515,166,5694684,1.58328E+12
1515,167,7186290,1.58337E+12
1515,166,13792891,1.58345E+12
1515,164,7593686,1.58354E+12
1515,163,10762255,1.58363E+12
1515,162,9019943,1.58371E+12
1515,163,10721233,1.5838E+12
1515,164,9262577,1.58388E+12
1515,165,13794700,1.58397E+12
1515,162,9426819,1.58406E+12
1515,159,11910880,1.58414E+12
1515,160,8218217,1.58423E+12
1515,165,12548020,1.58432E+12
1515,166,10404256,1.5844E+12
1515,166,11745853,1.58449E+12
1515,165,10985351,1.58458E+12
1515,166,16040992,1.58466E+12
1515,166,11653421,1.58475E+12
1515,164,2253937,1.58484E+12
1515,164,11564634,1.58492E+12
1515,166,15898574,1.58501E+12
1515,167,12059933,1.58509E+12
1515,168,16226712,1.58518E+12
1515,169,12048846,1.58527E+12
1515,171,10172001,1.58535E+12
1515,172,4886517,1.58544E+12
1515,170,17502582,1.58553E+12
1515,171,11278267,1.58561E+12
1515,172,11545639,1.5857E+12
1515,172,15234333,1.58579E+12
1515,175,4452418,1.58587E+12
1515,175,19884981,1.58596E+12
1515,176,10594161,1.58604E+12
1515,179,13599752,1.58613E+12
1515,180,11716798,1.58622E+12
1515,184,21903458,1.5863E+12
1515,187,12404799,1.58639E+12
1515,185,8484061,1.58648E+12
1515,182,22847074,1.58656E+12
1515,183,14757917,1.58665E+12
1515,185,12803030,1.58674E+12
1515,189,12560375,1.58682E+12
1515,192,17220569,1.58691E+12
1515,196,8613494,1.587E+12
1515,197,14994329,1.58708E+12
1515,196,19220347,1.58717E+12
1515,197,4008524,1.58725E+12
1515,204,13292138,1.58734E+12
1515,215,11964228,1.58743E+12
1515,226,18702929,1.58751E+12
1515,233,12408063,1.5876E+12
1515,237,13597948,1.58769E+12
1515,236,15010342,1.58777E+12
1515,228,20744437,1.58786E+12
1515,218,22105636,1.58795E+12
1515,209,20145572,1.58803E+12
1515,213,9535341,1.58812E+12
1515,218,19464384,1.5882E+12
1515,221,9412779,1.58829E+12
1515,221,14524998,1.58838E+12
1515,217,2442827,1.58846E+12
1515,212,10814957,1.58855E+12
1515,214,15265421,1.58864E+12
1515,216,22823346,1.58872E+12
1515,215,14172766,1.58881E+12
1515,206,10455559,1.5889E+12
1515,196,22838429,1.58898E+12
1515,188,5578896,1.58907E+12
1515,195,10333546,1.58916E+12
1515,202,10616115,1.58924E+12
1515,212,1610245,1.58933E+12
1515,220,10221541,1.58941E+12
1515,220,13926061,1.5895E+12
1515,219,18400376,1.58959E+12
1515,214,14566542,1.58967E+12
1515,216,9610023,1.58976E+12
1515,220,15587838,1.58985E+12
1515,225,13121947,1.58993E+12
1515,228,10940625,1.59002E+12
1515,230,13372519,1.59011E+12
1515,237,26221180,1.59019E+12
1515,246,10868980,1.59028E+12
1515,259,6404534,1.59036E+12
1515,270,11354491,1.59045E+12
1515,274,8974694,1.59054E+12
1515,276,9256761,1.59062E+12
1515,267,16176717,1.59071E+12
1515,255,12376045,1.5908E+12
1515,248,13839529,1.59088E+12
1515,253,,1.59097E+12
1515,255,18348912,1.59106E+12
1515,257,5745050,1.59114E+12
1515,257,9139125,1.59123E+12
1515,257,20369725,1.59132E+12
1515,251,16286913,1.5914E+12
1515,248,11213400,1.59149E+12
1515,249,10027206,1.59157E+12
1515,258,13590068,1.59166E+12
1515,260,18131857,1.59175E+12
1515,268,3862037,1.59183E+12
1515,277,9126457,1.59192E+12
1515,279,11904444,1.59201E+12
1515,280,3854724,1.59209E+12
1515,285,12543843,1.59218E+12
1515,291,10745635,1.59227E+12
1515,291,4977821,1.59235E+12
1515,293,7866777,1.59244E+12
1515,288,18762183,1.59252E+12
1515,281,8371843,1.59261E+12
1515,268,822370,1.5927E+12
1515,257,16001616,1.59278E+12
1515,251,11893787,1.59287E+12
1515,246,12000,1.59296E+12
1515,245,13414060,1.59304E+12
1515,240,14942177,1.59313E+12
1515,235,10825927,1.59322E+12
1515,242,11383209,1.5933E+12
1515,248,10956901,1.59339E+12
1515,252,19600935,1.59348E+12
1515,246,8903712,1.59356E+12
1515,243,12667112,1.59365E+12
1515,237,13940310,1.59373E+12
1515,227,15367208,1.59382E+12
1515,226,7750424,1.59391E+12
1515,237,16181367,1.59399E+12
1515,243,9434723,1.59408E+12
1515,241,778330,1.59417E+12
1515,235,9919558,1.59425E+12
1515,228,13676434,1.59434E+12
1515,217,12221047,1.59443E+12
1515,207,7032358,1.59451E+12
1515,205,12161925,1.5946E+12
1515,204,13433723,1.59468E+12
1515,201,3745670,1.59477E+12
1515,203,10477516,1.59486E+12
1515,204,10260987,1.59494E+12
1515,199,9378357,1.59503E+12
1515,195,2274460,1.59512E+12
1515,203,10992561,1.5952E+12
1515,210,10330696,1.59529E+12
1515,213,299156,1.59538E+12
1515,223,11257721,1.59546E+12
1515,223,10807765,1.59555E+12
1515,221,14981980,1.59564E+12
1515,213,2886618,1.59572E+12
1515,214,11210997,1.59581E+12
1515,210,14143282,1.59589E+12
1515,209,11834735,1.59598E+12
1515,205,15426439,1.59607E+12
1515,201,5590042,1.59615E+12
1515,196,16220706,1.59624E+12
1515,193,4317303,1.59633E+12
1515,198,12184337,1.59641E+12
1515,201,9924951,1.5965E+12
1515,203,4003426,1.59659E+12
1515,204,7754753,1.59667E+12
1515,205,13714444,1.59676E+12
1515,210,12639730,1.59684E+12
1515,211,6515643,1.59693E+12
1515,214,17574284,1.59702E+12
1515,220,4805608,1.5971E+12
1515,217,14746446,1.59719E+12
1515,212,8235248,1.59728E+12
1515,210,15911881,1.59736E+12
1515,203,5779325,1.59745E+12
1515,199,15686859,1.59754E+12
1515,201,1593698,1.59762E+12
1515,211,9695334,1.59771E+12
1515,216,10149152,1.5978E+12
1515,217,14323341,1.59788E+12
1515,212,12071320,1.59797E+12
1515,204,9480335,1.59805E+12
1515,197,13585175,1.59814E+12
1515,194,12476135,1.59823E+12
1515,194,11460157,1.59831E+12
1515,195,12858669,1.5984E+12
1515,192,15245828,1.59849E+12
1515,191,7439271,1.59857E+12
1515,189,18353057,1.59866E+12
1515,186,8740842,1.59875E+12
1515,191,12235611,1.59883E+12
1515,194,9800698,1.59892E+12
1515,195,9973422,1.599E+12
1515,197,16650324,1.59909E+12
1515,198,12982079,1.59918E+12
1515,196,11217034,1.59926E+12
1515,193,10697883,1.59935E+12
1515,193,15192255,1.59944E+12
1515,200,9793118,1.59952E+12
1515,204,10226105,1.59961E+12
1515,206,11797950,1.5997E+12
1515,207,13933030,1.59978E+12
1515,207,11343056,1.59987E+12
1515,209,9510499,1.59996E+12
1515,212,9574033,1.60004E+12
1515,212,2381372,1.60013E+12
1515,211,5693202,1.60021E+12
1515,212,12204198,1.6003E+12
1515,215,8143113,1.60039E+12
1515,217,12248849,1.60047E+12
1515,225,1699772,1.60056E+12
1515,229,2704203,1.60065E+12
1515,240,6953528,1.60073E+12
1515,252,12545347,1.60082E+12
1515,262,12385897,1.60091E+12
1515,259,5329616,1.60099E+12
1515,261,16317707,1.60108E+12
1515,266,1639306,1.60116E+12
1515,270,8232122,1.60125E+12
1515,265,10821309,1.60134E+12
1515,267,7638161,1.60142E+12
1515,262,9026448,1.60151E+12
1515,254,9361937,1.6016E+12
1515,244,13944012,1.60168E+12
1515,238,1045225,1.60177E+12
1515,242,9191012,1.60186E+12
1515,246,128508,1.60194E+12
1515,248,16793343,1.60203E+12
1515,248,10566454,1.60212E+12
1515,248,10770765,1.6022E+12
1515,248,18271396,1.60229E+12
1515,246,8669440,1.60237E+12
1515,248,19569439,1.60246E+12
1515,247,5192638,1.60255E+12
1515,248,8574111,1.60263E+12
1515,250,7937649,1.60272E+12
1515,259,15575319,1.60281E+12
1515,257,14137663,1.60289E+12
1515,264,8384948,1.60298E+12
1515,271,13493992,1.60307E+12
1515,269,67053,1.60315E+12
1515,274,11820396,1.60324E+12
1515,268,9713382,1.60332E+12
1515,265,8514915,1.60341E+12
1515,258,14255507,1.6035E+12
1515,254,1335645,1.60358E+12
1515,262,8212076,1.60367E+12
1515,273,3258972,1.60376E+12
1515,275,3602505,1.60384E+12
1515,280,12684817,1.60393E+12
1515,284,12570366,1.60402E+12
1515,282,5598757,1.6041E+12
1515,288,9159843,1.60419E+12
1515,290,10595083,1.60428E+12
1515,286,9732058,1.60436E+12
1515,297,3312087,1.60445E+12
1515,294,6344217,1.60453E+12
1515,292,8626880,1.60462E+12
1515,306,14009632,1.60471E+12
1515,314,31980,1.60479E+12
1515,313,11404750,1.60488E+12
1515,309,2242791,1.60497E+12
1515,300,11577682,1.60505E+12
1515,296,9364962,1.60514E+12
1515,306,8512532,1.60523E+12
1515,322,6778247,1.60531E+12
1515,326,8206916,1.6054E+12
1515,325,7696524,1.60548E+12
1515,323,7195285,1.60557E+12
1515,324,9652229,1.60566E+12
1515,322,7827065,1.60574E+12
1515,320,9085602,1.60583E+12
1515,318,11290361,1.60592E+12
1515,311,362753,1.606E+12
1515,302,8274218,1.60609E+12
1515,302,8043995,1.60618E+12
1515,303,10520230,1.60626E+12
1515,307,5908107,1.60635E+12
1515,310,12574313,1.60644E+12
1515,309,9279828,1.60652E+12
1515,306,8000219,1.60661E+12
1515,306,6043762,1.60669E+12
1515,309,1007342,1.60678E+12
1515,311,6354066,1.60687E+12
1515,314,7295516,1.60695E+12
1515,313,12997262,1.60704E+12
1515,325,6069052,1.60713E+12
1515,315,8585716,1.60721E+12
1515,308,11433385,1.6073E+12
1515,311,6362341,1.60739E+12
1515,312,2139839,1.60747E+12
1515,310,4075014,1.60756E+12
1515,309,7288789,1.60764E+12
1515,305,11227709,1.60773E+12
1515,311,7440104,1.60782E+12
1515,317,8745693,1.6079E+12
1515,325,7081486,1.60799E+12
1515,323,6652223,1.60808E+12
1515,321,10967341,1.60816E+12
1515,321,3353012,1.60825E+12
1515,320,9000412,1.60834E+12
1515,325,10267867,1.60842E+12
1515,323,7464576,1.60851E+12
1515,324,6752365,1.6086E+12
1515,319,8884440,1.60868E+12
1515,316,6219790,1.60877E+12
1515,314,9609196,1.60885E+12
1515,310,5309279,1.60894E+12
1515,307,10593798,1.60903E+12
1515,304,9919161,1.60911E+12
1515,308,13511303,1.6092E+12
1515,312,3803269,1.60929E+12
1515,312,8510905,1.60937E+12
1515,325,11102651,1.60946E+12
1515,323,5634926,1.60955E+12
1515,321,1779210,1.60963E+12
1515,316,4447718,1.60972E+12
1515,309,2585283,1.6098E+12
1515,306,3241470,1.60989E+12
1515,290,8859561,1.60998E+12
1515,277,11847079,1.61006E+12
1515,277,7828682,1.61015E+12
1515,275,2672981,1.61024E+12
1515,272,6892273,1.61032E+12
1515,266,2742272,1.61041E+12
1515,265,307520,1.6105E+12
1515,262,6187343,1.61058E+12
1515,262,8600057,1.61067E+12
1515,260,15160431,1.61076E+12
1515,267,4895529,1.61084E+12
1515,273,10867246,1.61093E+12
1515,277,1568793,1.61101E+12
1515,272,6256757,1.6111E+12
1515,269,12765193,1.61119E+12
1515,262,4142878,1.61127E+12
1515,250,10896594,1.61136E+12
1515,240,1461890,1.61145E+12
1515,236,8223224,1.61153E+12
1515,236,7817063,1.61162E+12
1515,232,11630292,1.61171E+12
1515,232,7315332,1.61179E+12
1515,237,9093160,1.61188E+12
1515,239,7927948,1.61196E+12
1515,238,8139497,1.61205E+12
1515,242,7012073,1.61214E+12
1515,246,792569,1.61222E+12
1515,249,11336599,1.61231E+12
1515,250,8920263,1.6124E+12
1515,250,6502916,1.61248E+12
1515,247,8345079,1.61257E+12
1515,241,9670417,1.61266E+12
1515,233,13000269,1.61274E+12
1515,230,6324222,1.61283E+12
1515,236,7109956,1.61292E+12
1515,240,12023170,1.613E+12
1515,240,7999378,1.61309E+12
1515,234,12894482,1.61317E+12
1515,228,6681709,1.61326E+12
1515,229,7924588,1.61335E+12
1515,231,2546428,1.61343E+12
1515,231,6740981,1.61352E+12
1515,231,7966711,1.61361E+12
1515,235,8653757,1.61369E+12
1515,237,9386936,1.61378E+12
1515,236,2974871,1.61387E+12
1515,234,10403976,1.61395E+12
1515,232,5441364,1.61404E+12
1515,234,11993450,1.61412E+12
1515,237,4315475,1.61421E+12
1515,238,7420551,1.6143E+12
1515,236,8891899,1.61438E+12
1515,235,25362,1.61447E+12
1515,236,5963107,1.61456E+12
1515,238,7455263,1.61464E+12
1515,240,8847871,1.61473E+12
1515,240,0,1.61482E+12
1515,240,10038904,1.6149E+12
1515,236,6100769,1.61499E+12
1515,232,11901168,1.61508E+12
1515,229,4059239,1.61516E+12
1515,225,12385277,1.61525E+12
1515,230,8571314,1.61533E+12
1515,232,8436615,1.61542E+12
1515,236,5643667,1.61551E+12
1515,236,7596280,1.61559E+12
1515,235,14298197,1.61568E+12
1515,231,6575616,1.61577E+12
1515,231,9290542,1.61585E+12
1515,234,7361141,1.61594E+12
1515,238,5707314,1.61603E+12
1515,236,7490280,1.61611E+12
1515,239,13386369,1.6162E+12
1515,237,5932258,1.61628E+12
1515,236,12693035,1.61637E+12
1515,240,199293,1.61646E+12
1515,241,8217750,1.61654E+12
1515,242,4906769,1.61663E+12
1515,241,10058559,1.61672E+12
1515,239,7862360,1.6168E+12
1515,233,1672029,1.61689E+12
1515,235,7906512,1.61698E+12
1515,236,9151328,1.61706E+12
1515,236,7191000,1.61715E+12
1515,235,7162818,1.61724E+12
1515,236,11167708,1.61732E+12
1515,234,6151430,1.61741E+12
1515,231,9773819,1.61749E+12
1515,229,9683960,1.61758E+12
1515,228,100950,1.61767E+12
1515,221,7644940,1.61775E+12
1515,222,11393867,1.61784E+12
1515,225,6360861,1.61793E+12
1515,224,14042202,1.61801E+12
1515,223,5659238,1.6181E+12
1515,226,9928415,1.61819E+12
1515,226,6740315,1.61827E+12
1515,224,11219173,1.61836E+12
1515,222,3324884,1.61844E+12
1515,222,13039483,1.61853E+12
1515,221,7221518,1.61862E+12
1515,217,2723927,1.6187E+12
1515,212,8340311,1.61879E+12
1515,214,7074162,1.61888E+12
1515,218,9185165,1.61896E+12
1515,219,7571685,1.61905E+12
1515,222,12508460,1.61914E+12
1515,218,7317266,1.61922E+12
1515,217,9326804,1.61931E+12
1515,223,7330925,1.6194E+12
1515,229,677148,1.61948E+12
1515,235,6746452,1.61957E+12
1515,237,8004589,1.61965E+12
1515,236,10028442,1.61974E+12
1515,234,11473974,1.61983E+12
1515,230,11826756,1.61991E+12
1515,227,2904843,1.62E+12
1515,224,8320467,1.62009E+12
1515,218,9204979,1.62017E+12
1515,222,9908669,1.62026E+12
1515,231,13370622,1.62035E+12
1515,237,7136257,1.62043E+12
1515,234,1633585,1.62052E+12
1515,238,9129269,1.6206E+12
1515,243,4649085,1.62069E+12
1515,240,11133144,1.62078E+12
1515,242,3419529,1.62086E+12
1515,241,8903288,1.62095E+12
1515,238,7803901,1.62104E+12
1515,238,9464083,1.62112E+12
1515,234,10772919,1.62121E+12
1515,235,4051050,1.6213E+12
1515,234,4193834,1.62138E+12
1515,232,5230589,1.62147E+12
1515,232,11326914,1.62156E+12
1515,230,6956800,1.62164E+12
1515,234,8610259,1.62173E+12
1515,243,7140038,1.62181E+12
1515,248,2827127,1.6219E+12
1515,247,5259664,1.62199E+12
1515,247,5038804,1.62207E+12
1515,247,7618882,1.62216E+12
1515,253,8441807,1.62225E+12
1515,255,5911444,1.62233E+12
1515,257,5780316,1.62242E+12
1515,256,9359757,1.62251E+12
1515,253,2706459,1.62259E+12
1515,251,3842833,1.62268E+12
1515,258,8207498,1.62276E+12
1515,259,8834651,1.62285E+12
1515,251,4723049,1.62294E+12
1515,244,7013935,1.62302E+12
1515,240,5582514,1.62311E+12
1515,241,9377139,1.6232E+12
1515,238,8125401,1.62328E+12
1515,234,7875410,1.62337E+12
1515,227,4808288,1.62346E+12
1515,226,2260403,1.62354E+12
1515,226,2342060,1.62363E+12
1515,228,2469628,1.62372E+12
1515,232,6290191,1.6238E+12
1515,233,3714763,1.62389E+12
1515,235,6201002,1.62397E+12
1515,234,7498196,1.62406E+12
1515,236,4056964,1.62415E+12
1515,236,6071988,1.62423E+12
1515,236,6007681,1.62432E+12
1515,235,4991655,1.62441E+12
1515,234,9756800,1.62449E+12
1515,235,4381161,1.62458E+12
1515,234,7043296,1.62467E+12
1515,232,4623232,1.62475E+12
1515,228,6403840,1.62484E+12
1515,225,947313,1.62492E+12
1515,221,5154380,1.62501E+12
1515,222,6705027,1.6251E+12
1515,221,5800559,1.62518E+12
1515,218,8122985,1.62527E+12
1515,212,6918328,1.62536E+12
1515,210,5177231,1.62544E+12
1515,212,1005342,1.62553E+12
1515,214,6785747,1.62562E+12
1515,213,2806027,1.6257E+12
1515,213,7750533,1.62579E+12
1515,212,7754207,1.62588E+12
1515,215,1757810,1.62596E+12
1515,220,6514418,1.62605E+12
1515,222,1329913,1.62613E+12
1515,226,5415186,1.62622E+12
1515,226,7721619,1.62631E+12
1515,228,3477709,1.62639E+12
1515,226,9629057,1.62648E+12
1515,218,4505006,1.62657E+12
1515,217,5917385,1.62665E+12
1515,219,857475,1.62674E+12
1515,220,7293473,1.62683E+12
1515,217,6045553,1.62691E+12
1515,216,2982164,1.627E+12
1515,215,7025899,1.62708E+12
1515,209,1161457,1.62717E+12
1515,207,4694692,1.62726E+12
1515,209,6738546,1.62734E+12
1515,212,7581341,1.62743E+12
1515,214,4008526,1.62752E+12
1515,217,6973764,1.6276E+12
1515,214,9516799,1.62769E+12
1515,211,4788875,1.62778E+12
1515,210,8472335,1.62786E+12
1515,211,50603,1.62795E+12
1515,213,7486274,1.62804E+12
1515,213,8247409,1.62812E+12
1515,209,2573682,1.62821E+12
1515,208,10963185,1.62829E+12
1515,207,62610,1.62838E+12
1515,207,4542766,1.62847E+12
1515,207,10948172,1.62855E+12
1515,211,1034334,1.62864E+12
1515,213,4163814,1.62873E+12
1515,215,10655786,1.62881E+12
1515,219,3801093,1.6289E+12
1515,217,1115997,1.62899E+12
1515,211,5873007,1.62907E+12
1515,209,5868129,1.62916E+12
1515,212,9603023,1.62924E+12
1515,212,6104177,1.62933E+12
1515,217,5738164,1.62942E+12
1515,222,9743620,1.6295E+12
1515,219,6372720,1.62959E+12
1515,218,6093925,1.62968E+12
1515,222,7963882,1.62976E+12
1515,222,4231480,1.62985E+12
1515,221,4231480,1.62994E+12
1515,222,7699921,1.63002E+12
1515,219,,1.63011E+12
1515,214,,1.6302E+12
1515,209,,1.63028E+12
1515,210,,1.63037E+12
1515,211,,1.63045E+12
1515,212,,1.63054E+12
1515,211,,1.63063E+12
1515,211,,1.63071E+12
1515,216,,1.6308E+12
1515,221,,1.63089E+12
1515,218,,1.63097E+12
1515,217,,1.63106E+12
1515,219,,1.63115E+12
1515,214,,1.63123E+12
1515,212,,1.63132E+12
1515,216,,1.6314E+12
1515,215,,1.63149E+12
1515,217,,1.63158E+12
1515,221,5240803,1.63166E+12
1515,218,8971701,1.63175E+12
1515,217,5518219,1.63184E+12
1515,215,5099977,1.63192E+12
1515,215,7434251,1.63201E+12
1515,216,8336153,1.6321E+12
1515,218,4984971,1.63218E+12
1515,218,7804113,1.63227E+12
1515,216,5808507,1.63236E+12
1515,216,6022688,1.63244E+12
1515,216,6881405,1.63253E+12
1515,214,4927057,1.63261E+12
1515,213,8884435,1.6327E+12
1515,213,5059023,1.63279E+12
1515,213,8605863,1.63287E+12
1515,213,8605863,1.63296E+12
1515,212,2027790,1.63305E+12
1515,210,7239290,1.63313E+12
1515,206,10919500,1.63322E+12
1515,206,4864656,1.63331E+12
1515,199,6593461,1.63339E+12
1515,201,5626472,1.63348E+12
1515,197,,1.63356E+12
1515,206,3863083,1.63365E+12
1515,207,7143440,1.63374E+12
1515,207,8876051,1.63382E+12
1515,206,2335914,1.63391E+12
1515,206,7435702,1.634E+12
1515,206,,1.63408E+12
1515,206,,1.63417E+12
1515,205,,1.63426E+12
1515,204,,1.63434E+12
1515,204,4944549,1.63443E+12
1515,204,,1.63452E+12
1515,211,,1.6346E+12
1515,213,,1.63469E+12
1515,216,,1.63477E+12
1515,216,,1.63486E+12
1515,217,,1.63495E+12
1515,214,,1.63503E+12
1515,214,5267643,1.63512E+12
1515,218,3845169,1.63521E+12
1515,218,1644532,1.63529E+12
1515,218,3664293,1.63538E+12
1515,217,6330449,1.63547E+12
1515,214,7025354,1.63555E+12
1515,212,7003150,1.63564E+12
1515,212,3731455,1.63572E+12
1515,214,5339114,1.63581E+12
1515,217,7299240,1.6359E+12
1515,218,5398352,1.63598E+12
1515,219,7642747,1.63607E+12
1515,218,6785190,1.63616E+12
1515,215,7471912,1.63624E+12
1515,213,1512713,1.63633E+12
1515,212,5052639,1.63642E+12
1515,212,6709460,1.6365E+12
1515,215,5570222,1.63659E+12
1515,216,9349156,1.63668E+12
1515,215,4354586,1.63676E+12
1515,214,7523178,1.63685E+12
1515,216,4788748,1.63693E+12
1515,219,6357408,1.63702E+12
1515,219,6818853,1.63711E+12
1515,218,4882101,1.63719E+12
1515,220,,1.63728E+12
1515,218,,1.63737E+12
1515,218,,1.63745E+12
1515,214,5556880,1.63754E+12
1515,214,4454209,1.63763E+12
1515,213,5787856,1.63771E+12
1515,212,6111485,1.6378E+12
1515,212,7609735,1.63788E+12
1515,211,3213803,1.63797E+12
1515,209,5814437,1.63806E+12
1515,208,661171,1.63814E+12
1515,206,4577845,1.63823E+12
1515,206,5321782,1.63832E+12
1515,207,6933917,1.6384E+12
1515,206,6441971,1.63849E+12
1515,207,3387121,1.63858E+12
1515,206,7349232,1.63866E+12
1515,204,1581725,1.63875E+12
1515,204,4119772,1.63884E+12
1515,203,5149710,1.63892E+12
1515,204,4615082,1.63901E+12
1515,204,2164599,1.63909E+12
1515,202,5407960,1.63918E+12
1515,202,5312605,1.63927E+12
1515,203,5051869,1.63935E+12
1515,203,5737769,1.63944E+12
1515,203,3975475,1.63953E+12
1515,203,7009686,1.63961E+12
1515,200,5795929,1.6397E+12
1515,201,6499392,1.63979E+12
1515,202,4088751,1.63987E+12
1515,203,5425241,1.63996E+12
1515,203,6744125,1.64004E+12
1515,203,3622379,1.64013E+12
1515,203,9114560,1.64022E+12
1515,202,5365476,1.6403E+12
1515,203,6969339,1.64039E+12
1515,204,2157518,1.64048E+12
1515,204,7516076,1.64056E+12
1515,204,7847308,1.64065E+12
1515,205,7724752,1.64074E+12
1515,205,5728071,1.64082E+12
1515,204,7670436,1.64091E+12
1515,205,5168234,1.641E+12
1515,206,4221411,1.64108E+12
1515,205,6832033,1.64117E+12
1515,206,6782197,1.64125E+12
1515,206,7579482,1.64134E+12
1515,203,,1.64143E+12
1515,195,,1.64151E+12
1515,191,5660390,1.6416E+12
1515,190,7442192,1.64169E+12
1515,192,2030059,1.64177E+12
1515,196,8156583,1.64186E+12
1515,196,4602340,1.64195E+12
1515,199,4417340,1.64203E+12
1515,200,9493703,1.64212E+12
1515,198,5401397,1.6422E+12
1515,194,9361008,1.64229E+12
1515,192,8385643,1.64238E+12
1515,190,9617666,1.64246E+12
1515,190,5832531,1.64255E+12
1515,195,4866167,1.64264E+12
1515,195,6439950,1.64272E+12
1515,194,8149449,1.64281E+12
1515,193,5983795,1.6429E+12
1515,192,84823,1.64298E+12
1515,192,7259502,1.64307E+12
1515,190,5230910,1.64316E+12
1515,189,,1.64324E+12
1515,183,6739352,1.64333E+12
1515,182,6616568,1.64341E+12
1515,183,10121120,1.6435E+12
1515,186,6170632,1.64359E+12
1515,187,9167105,1.64367E+12
1515,187,4252963,1.64376E+12
1515,189,8277812,1.64385E+12
1515,189,4290862,1.64393E+12
1515,189,9408165,1.64402E+12
1515,189,4354316,1.64411E+12
1515,189,1224313,1.64419E+12
1515,191,6240575,1.64428E+12
1515,191,173531,1.64436E+12
1515,191,5585241,1.64445E+12
1515,191,7519224,1.64454E+12
1515,189,7635392,1.64462E+12
1515,187,7525412,1.64471E+12
1515,185,2010454,1.6448E+12
1515,185,5194415,1.64488E+12
1515,185,7392518,1.64497E+12
1515,186,2321777,1.64506E+12
1515,191,5090360,1.64514E+12
1515,191,5976965,1.64523E+12
1515,190,9533654,1.64532E+12
1515,190,5191064,1.6454E+12
1515,192,6595041,1.64549E+12
1515,191,5950870,1.64557E+12
1515,192,5088709,1.64566E+12
1515,193,5415538,1.64575E+12
1515,193,7946484,1.64583E+12
1515,191,5658363,1.64592E+12
1515,190,5979583,1.64601E+12
1515,190,5045385,1.64609E+12
1515,192,5632188,1.64618E+12
1515,192,3795072,1.64627E+12
1515,193,7703608,1.64635E+12
1515,193,3378193,1.64644E+12
1515,192,7021212,1.64652E+12
1515,192,5822608,1.64661E+12
1515,191,5861392,1.6467E+12
1515,191,5718224,1.64678E+12
1515,193,7432517,1.64687E+12
1515,194,1890859,1.64696E+12
1515,192,9969554,1.64704E+12
1515,192,3131912,1.64713E+12
1515,192,7544907,1.64722E+12
1515,192,7851108,1.6473E+12
1515,192,4637,1.64739E+12
1515,190,3095601,1.64748E+12
1515,192,6491133,1.64756E+12
1515,191,7176049,1.64765E+12
1515,189,3983707,1.64773E+12
1515,190,6536855,1.64782E+12
1515,193,8514444,1.64791E+12
1515,193,4938680,1.64799E+12
1515,194,8452151,1.64808E+12
1515,192,4433055,1.64817E+12
1515,191,5491268,1.64825E+12
1515,191,6044226,1.64834E+12
1515,192,6347363,1.64843E+12
1515,192,6985510,1.64851E+12
1515,195,8627994,1.6486E+12
1515,194,6895201,1.64868E+12
1515,193,4923562,1.64877E+12
1515,192,6471838,1.64886E+12
1515,192,5696987,1.64894E+12
1515,194,7662042,1.64903E+12
1515,193,4849085,1.64912E+12
1515,193,6959605,1.6492E+12
1515,195,9080368,1.64929E+12
1515,196,3412595,1.64938E+12
1515,196,7992473,1.64946E+12
1515,197,7281326,1.64955E+12
1515,197,8053608,1.64964E+12
1515,198,1821410,1.64972E+12
1515,198,5018624,1.64981E+12
1515,197,7090350,1.64989E+12
1515,201,3253316,1.64998E+12
1515,199,5210585,1.65007E+12
1515,199,8191207,1.65015E+12
1515,201,2518598,1.65024E+12
1515,203,459756,1.65033E+12
1515,205,4670794,1.65041E+12
1515,208,4234014,1.6505E+12
1515,207,5580213,1.65059E+12
1515,205,5819986,1.65067E+12
1515,203,7842718,1.65076E+12
1515,203,7771100,1.65084E+12
1515,202,1649250,1.65093E+12
1515,203,3047025,1.65102E+12
1515,209,5945587,1.6511E+12
1515,208,7844511,1.65119E+12
1515,207,3060666,1.65128E+12
1515,204,6362594,1.65136E+12
1515,197,1740477,1.65145E+12
1515,200,2760981,1.65154E+12
1515,201,4919011,1.65162E+12
1515,201,247636,1.65171E+12
1515,201,4440298,1.6518E+12
1515,201,6028094,1.65188E+12
1515,198,659564,1.65197E+12
1515,196,9253021,1.65205E+12
1515,195,3069366,1.65214E+12
1515,193,5473611,1.65223E+12
1515,196,5953816,1.65231E+12
1515,197,7281372,1.6524E+12
1515,200,2975116,1.65249E+12
1515,198,320800,1.65257E+12
1515,198,6915293,1.65266E+12
1515,198,43967,1.65275E+12
1515,198,4991462,1.65283E+12
1515,198,7933913,1.65292E+12
1515,199,2953202,1.653E+12
1515,200,7937512,1.65309E+12
1515,199,1832158,1.65318E+12
1515,199,5673324,1.65326E+12
1515,200,3916178,1.65335E+12
1515,196,4249181,1.65344E+12
1515,200,7367528,1.65352E+12
1515,198,5529605,1.65361E+12
1515,196,6099518,1.6537E+12
1515,194,4861362,1.65378E+12
1515,194,707854,1.65387E+12
1515,193,7778229,1.65396E+12
1515,194,5318128,1.65404E+12
1515,195,4632764,1.65413E+12
1515,196,3651511,1.65421E+12
1515,196,7760791,1.6543E+12
1515,194,2375999,1.65439E+12
1515,196,3353232,1.65447E+12
1515,197,5780096,1.65456E+12
1515,200,3532768,1.65465E+12
1515,200,8538427,1.65473E+12
1515,200,2820423,1.65482E+12
1515,196,8390383,1.65491E+12
1515,195,3152568,1.65499E+12
1515,194,6656614,1.65508E+12
1515,194,4152734,1.65516E+12
1515,194,6211425,1.65525E+12
1515,194,3898701,1.65534E+12
1515,195,8894119,1.65542E+12
1515,194,2605584,1.65551E+12
1515,195,958003,1.6556E+12
1515,197,4681721,1.65568E+12
1515,198,447114,1.65577E+12
1515,197,7209441,1.65586E+12
1515,198,3451750,1.65594E+12
1515,200,5096023,1.65603E+12
1515,200,5966211,1.65612E+12
1515,199,8855409,1.6562E+12
1515,197,9704010,1.65629E+12
1515,198,3397398,1.65637E+12
1515,202,5048653,1.65646E+12
1515,200,7024007,1.65655E+12
1515,199,7134169,1.65663E+12
1515,203,2929345,1.65672E+12
1515,203,7079122,1.65681E+12
1515,202,5600239,1.65689E+12
1515,202,5385273,1.65698E+12
1515,204,5509969,1.65707E+12
1515,204,6408241,1.65715E+12
1515,202,5494905,1.65724E+12
1515,205,6770781,1.65732E+12
1515,203,8115126,1.65741E+12
1515,204,7754602,1.6575E+12
1515,209,4068454,1.65758E+12
1515,204,5389401,1.65767E+12
1515,206,5844002,1.65776E+12
1515,206,9794591,1.65784E+12
1515,207,7577174,1.65793E+12
1515,203,879263,1.65802E+12
1515,202,4914377,1.6581E+12
1515,201,2151579,1.65819E+12
1515,201,5308841,1.65828E+12
1515,200,4473023,1.65836E+12
1515,201,8140627,1.65845E+12
1515,199,11165328,1.65853E+12
1515,197,2003472,1.65862E+12
1515,196,4017610,1.65871E+12
1515,195,1112,1.65879E+12
1515,195,4958314,1.65888E+12
1515,195,7021051,1.65897E+12
1515,197,8676047,1.65905E+12
1515,196,9584519,1.65914E+12
1515,196,2660254,1.65923E+12
1515,195,6560367,1.65931E+12
1515,195,5678101,1.6594E+12
1515,196,6592790,1.65948E+12
1515,200,7870720,1.65957E+12
1515,200,10216839,1.65966E+12
1515,198,5825346,1.65974E+12
1515,197,2171718,1.65983E+12
1515,196,5983983,1.65992E+12
1515,197,949867,1.66E+12
1515,200,3793619,1.66009E+12
1515,202,7330948,1.66018E+12
1515,203,5675641,1.66026E+12
1515,201,6540142,1.66035E+12
1515,198,5093429,1.66044E+12
1515,199,5908989,1.66052E+12
1515,203,5787040,1.66061E+12
1515,202,8460040,1.66069E+12
1515,201,4458220,1.66078E+12
1515,197,9322507,1.66087E+12
1515,197,5180064,1.66095E+12
1515,199,6551973,1.66104E+12
1515,197,7667911,1.66113E+12
1515,197,6303787,1.66121E+12
1515,195,7946127,1.6613E+12
1515,195,2431772,1.66139E+12
1515,194,3924331,1.66147E+12
1515,190,6496828,1.66156E+12
1515,183,6465129,1.66164E+12
1515,181,9439833,1.66173E+12
1515,178,5757146,1.66182E+12
1515,176,9258452,1.6619E+12
1515,176,3760097,1.66199E+12
1515,176,9548621,1.66208E+12
1515,178,5017837,1.66216E+12
1515,175,6730198,1.66225E+12
1515,174,2640299,1.66234E+12
1515,172,8762445,1.66242E+12
1515,174,5749643,1.66251E+12
1515,176,3305158,1.6626E+12
1515,177,10317245,1.66268E+12
1515,180,6080518,1.66277E+12
1515,181,4201025,1.66285E+12
1515,181,6648153,1.66294E+12
1515,182,5611072,1.66303E+12
1515,182,3878956,1.66311E+12
1515,185,8813091,1.6632E+12
1515,188,4530223,1.66329E+12
1515,186,4599097,1.66337E+12
1515,185,11328332,1.66346E+12
1515,188,2163493,1.66355E+12
1515,188,6568812,1.66363E+12
1515,193,8044960,1.66372E+12
1515,195,9295918,1.6638E+12
1515,196,7279482,1.66389E+12
1515,203,7169975,1.66398E+12
1515,206,13338328,1.66406E+12
1515,205,7642713,1.66415E+12
1515,201,4808510,1.66424E+12
1515,196,3131852,1.66432E+12
1515,190,8393694,1.66441E+12
1515,194,5224398,1.6645E+12
1515,196,12611846,1.66458E+12
1515,197,4246145,1.66467E+12
1515,196,6289355,1.66476E+12
1515,198,9604348,1.66484E+12
1515,201,,1.66493E+12
1515,208,11238399,1.66508E+12
1515,217,7553480,1.66513E+12
1515,209,9323728,1.66525E+12
1515,207,8340904,1.66533E+12
1515,207,8459746,1.66543E+12
1515,208,4752259,1.66548E+12
1515,214,4494985,1.66555E+12
1515,212,10189872,1.66569E+12
1515,207,2884950,1.66572E+12
1515,207,7155360,1.66581E+12
1515,205,11774192,1.66595E+12
1515,206,6475793,1.66602E+12
1515,205,8443689,1.66612E+12
1515,204,2712139,1.66615E+12
1515,206,8948198,1.66628E+12
1515,209,4195402,1.66634E+12
1515,210,6245746,1.66641E+12
1515,213,10951697,1.66655E+12
1515,210,5263877,1.66662E+12
1515,209,5890767,1.66669E+12
1515,208,9631727,1.66682E+12
1515,210,3276909,1.66686E+12
1515,212,5803636,1.66694E+12
1515,213,7806207,1.66704E+12
1515,215,9191306,1.66716E+12
1515,214,4421721,1.66721E+12
1515,219,6363490,1.66729E+12
1515,223,7017539,1.66739E+12
1515,230,5654922,1.66746E+12
1515,236,9251894,1.66759E+12
1515,235,3370070,1.66762E+12
1515,235,7673257,1.66773E+12
1515,234,7249186,1.66782E+12
1515,233,4656996,1.66788E+12
1515,230,10489701,1.66803E+12
1515,226,2953754,1.66806E+12
1515,224,10565375,1.6682E+12
1515,222,2707974,1.66823E+12
1515,222,8019379,1.66833E+12
1515,221,6301489,1.6684E+12
1515,226,6783817,1.66848E+12
1515,231,9790664,1.66862E+12
1515,238,3288847,1.66866E+12
1515,240,7126426,1.66875E+12
1515,245,7788361,1.66886E+12
1515,245,5613639,1.66892E+12
1515,248,6099895,1.669E+12
1515,252,7839371,1.6691E+12
1515,254,753414,1.66919E+12
1515,254,5288805,1.66926E+12
1515,255,10508867,1.66941E+12
1515,255,3511555,1.66945E+12
1515,254,7156180,1.66953E+12
1515,253,5977310,1.6696E+12
1515,252,10199821,1.66973E+12
1515,253,6315586,1.66982E+12
1515,249,5691342,1.66988E+12
1515,246,7538465,1.66998E+12
1515,244,5887297,1.67004E+12
1515,240,8386354,1.67015E+12
1515,234,9818362,1.67027E+12
1515,233,4793830,1.67033E+12
1515,233,7593368,1.67043E+12
1515,233,4607684,1.67048E+12
1515,232,8825950,1.67059E+12
1515,228,1928387,1.6707E+12
1515,228,5351235,1.67076E+12
1515,225,6454024,1.67082E+12
1515,218,9431683,1.67093E+12
1515,216,8458309,1.67102E+12
1515,221,5858639,1.67108E+12
1515,232,10778444,1.67122E+12
1515,235,3865405,1.67125E+12
1515,240,11612909,1.67137E+12
1515,245,8481577,1.67147E+12
1515,243,8601067,1.67156E+12
1515,242,8193201,1.67165E+12
1515,242,5486087,1.6717E+12
1515,237,10180426,1.67182E+12
1515,226,5114828,1.67187E+12
1515,221,7090031,1.67194E+12
1515,228,12267473,1.67207E+12
1515,234,6219606,1.67213E+12
1515,235,8079990,1.67221E+12
1515,234,7652344,1.67228E+12
1515,242,9606811,1.67238E+12
1515,254,9224719,1.67246E+12
1515,261,11613777,1.67259E+12
1515,260,6480017,1.67265E+12
1515,256,7054112,1.67272E+12
1515,247,9643437,1.67283E+12
1515,251,9485069,1.67294E+12
1515,252,8051788,1.67303E+12
1515,256,10199346,1.67312E+12
1515,253,10254367,1.67321E+12
1515,249,2686297,1.67324E+12
1515,242,12567409,1.67338E+12
1515,237,6516939,1.67344E+12
1515,228,7632809,1.67352E+12
1515,233,7407481,1.6736E+12
1515,228,10388214,1.6737E+12
1515,219,9939303,1.67381E+12
1515,217,8907798,1.67389E+12
1515,219,8566556,1.67397E+12
1515,222,8097423,1.67406E+12
1515,227,7276550,1.67414E+12
1515,225,5613773,1.67419E+12
1515,226,12210936,1.67433E+12
1515,227,5672528,1.67438E+12
1515,225,8154132,1.67446E+12
1515,226,9949586,1.67458E+12
1515,228,5773306,1.67463E+12
1515,233,1739064,1.67466E+12
1515,233,4824075,1.67471E+12
1515,229,10012628,1.6748E+12
1515,226,10085663,1.67491E+12
1515,216,12031289,1.67502E+12
1515,212,5526433,1.67508E+12
1515,215,10843644,1.67519E+12
1515,213,7899139,1.67527E+12
1515,214,4351627,1.67531E+12
1515,219,9464424,1.67541E+12
1515,220,13020598,1.67555E+12
1515,224,6314259,1.67561E+12
1515,227,11266961,1.67571E+12
1515,233,6182997,1.67578E+12
1515,242,11211828,1.67589E+12
1515,245,3006586,1.67592E+12
1515,253,9680668,1.67601E+12
1515,264,11210214,1.67613E+12
1515,270,11747186,1.67624E+12
1515,281,3107227,1.67627E+12
1515,289,11098801,1.67637E+12
1515,298,9413143,1.67648E+12
1515,305,6531237,1.67654E+12
1515,299,8169067,1.67663E+12
1515,295,14434558,1.67675E+12
1515,301,6482526,1.67681E+12
1515,293,7990498,1.67688E+12
1515,291,8689075,1.67696E+12
1515,285,9008300,1.67705E+12
1515,283,6906279,1.67712E+12
1515,290,12526271,1.67724E+12
1515,283,10038342,1.67733E+12
1515,278,8121316,1.67739E+12
1515,279,13096286,1.67752E+12
1515,284,8229968,1.67758E+12
1515,282,8135822,1.67766E+12
1515,277,10447501,1.67775E+12
1515,287,7608937,1.67781E+12
1515,284,16377333,1.67796E+12
1515,278,6913809,1.67803E+12
1515,282,7503653,1.67809E+12
1515,294,12375126,1.67821E+12
1515,302,7162079,1.67829E+12
1515,310,8361401,1.67838E+12
1515,317,3817063,1.67842E+12
1515,313,7431876,1.67852E+12
1515,297,9903665,1.67863E+12
1515,283,8722059,1.67872E+12
1515,271,8778116,1.67882E+12
1515,261,7819785,1.6789E+12
1515,253,7766302,1.67898E+12
1515,242,5080007,1.67903E+12
1515,231,11985857,1.67917E+12
1515,224,2737400,1.67919E+12
1515,229,13095365,1.67933E+12
1515,235,9923723,1.67942E+12
1515,236,4520096,1.67947E+12
1515,243,7579895,1.67956E+12
1515,253,12582640,1.67969E+12
1515,248,8157674,1.67977E+12
1515,246,6031525,1.67983E+12
1515,245,7833600,1.67989E+12
1515,249,10183598,1.68001E+12
1515,253,6100050,1.68007E+12
1515,259,9295605,1.68016E+12
1515,262,10113110,1.68026E+12
1515,262,9750107,1.68034E+12
1515,268,12199729,1.68044E+12
1515,277,12405701,1.68055E+12
1515,274,8710604,1.68063E+12
1515,270,8428604,1.68072E+12
1515,274,10054812,1.68081E+12
1515,269,3106257,1.68084E+12
1515,271,14155392,1.68097E+12
1515,271,4169338,1.68101E+12
1515,277,10943378,1.68111E+12
1515,273,11349044,1.68122E+12
1515,270,9391837,1.68132E+12
1515,273,4407240,1.68136E+12
1515,276,9399289,1.68144E+12
1515,289,11744712,1.68154E+12
1515,292,14566587,1.68167E+12
1515,292,6722165,1.68172E+12
1515,291,11116648,1.68183E+12
1515,288,7897460,1.6819E+12
1515,302,11948649,1.68201E+12
1515,306,6184530,1.68207E+12
1515,308,11552001,1.68218E+12
1515,303,5026225,1.68222E+12
1515,300,12191287,1.68232E+12
1515,310,8693032,1.68239E+12
1515,316,8285326,1.68248E+12
1515,310,12919844,1.68262E+12
1515,303,5874030,1.68267E+12
1515,297,9699991,1.68275E+12
1515,299,15375244,1.68287E+12
1515,298,6844082,1.68293E+12
1515,304,14671746,1.68305E+12
1515,318,10334969,1.68315E+12
1515,323,8024440,1.68322E+12
1515,326,11483509,1.68332E+12
1515,315,2408854,1.68334E+12
1515,306,14479653,1.68348E+12
1515,293,9473354,1.68357E+12
1515,290,6811162,1.68362E+12
1515,299,9564225,1.6837E+12
1515,302,14798289,1.68384E+12
1515,289,5102560,1.68389E+12
1515,283,11586640,1.684E+12
1515,274,5318049,1.68404E+12
1515,279,11644876,1.68414E+12
1515,285,12960391,1.68426E+12
1515,280,5587908,1.68431E+12
1515,276,9298862,1.68441E+12
1515,266,7171796,1.68448E+12
1515,259,11273389,1.68459E+12
1515,254,9307751,1.68469E+12
1515,247,7337527,1.68476E+12
1515,241,7422564,1.68484E+12
1515,242,11243128,1.68496E+12
1515,232,5660336,1.68503E+12
1515,223,4827315,1.68508E+12
1515,215,9733782,1.68518E+12
1515,207,9248954,1.68528E+12
1515,203,8627056,1.68535E+12
1515,208,11570850,1.68546E+12
1515,217,4237873,1.6855E+12
1515,219,13216514,1.68565E+12
1515,220,3700528,1.68569E+12
1515,219,9855743,1.68579E+12
1515,220,6687823,1.68585E+12
1515,224,13592177,1.68599E+12
1515,234,5546501,1.68604E+12
1515,241,8023791,1.68612E+12
1515,244,6200479,1.68619E+12
1515,242,10763948,1.6863E+12
1515,238,9288902,1.68639E+12
1515,230,9027305,1.68649E+12
1515,233,10247972,1.68658E+12
1515,235,5374587,1.68663E+12
1515,237,12057376,1.68676E+12
1515,239,7027695,1.68683E+12
1515,237,8366523,1.68691E+12
1515,236,7308101,1.68699E+12
1515,240,10768112,1.6871E+12
1515,249,7061951,1.68717E+12
1515,260,12773573,1.68729E+12
1515,272,6211589,1.68735E+12
1515,285,12303958,1.68747E+12
1515,296,8895433,1.68755E+12
1515,304,5943357,1.68761E+12
1515,307,9634725,1.6877E+12
1515,294,9104418,1.68778E+12
1515,280,9575943,1.68787E+12
1515,272,13320654,1.68797E+12
1515,275,5651973,1.68801E+12
1515,287,16640073,1.68814E+12
1515,297,13165539,1.68823E+12
1515,303,5731781,1.68827E+12
1515,296,15096453,1.68839E+12
1515,291,13641508,1.6885E+12
1515,295,6040727,1.68856E+12
1515,303,8178649,1.68863E+12
1515,299,14519817,1.68875E+12
1515,294,4280796,1.68878E+12
1515,289,10290430,1.68887E+12
1515,288,15193012,1.689E+12
1515,292,8009565,1.68906E+12
1515,301,11014074,1.68917E+12
1515,304,10254870,1.68927E+12
1515,296,5543529,1.68932E+12
1515,293,15576765,1.68946E+12
1515,288,3981916,1.68949E+12
1515,298,12798133,1.68959E+12
1515,308,10606004,1.68969E+12
1515,306,5208596,1.68974E+12
1515,299,8537005,1.68985E+12
1515,294,7811064,1.68992E+12
1515,298,9836634,1.69003E+12
1515,302,8226682,1.6901E+12
1515,305,7901987,1.69018E+12
1515,305,13556464,1.69031E+12
1515,301,5191237,1.69035E+12
1515,291,4828599,1.69054E+12
1515,278,7426769,1.69062E+12
1515,267,9695716,1.69072E+12
1515,254,6092788,1.69077E+12
1515,245,10227662,1.69087E+12
1515,235,8047348,1.69096E+12
1515,235,8592698,1.69104E+12
1515,232,11057507,1.69114E+12
1515,240,6727645,1.69121E+12
1515,246,11033528,1.69132E+12
1515,248,10755088,1.69142E+12
1515,241,9375944,1.69151E+12
1515,237,10472371,1.69161E+12
1515,234,6350317,1.69168E+12
1515,237,5260032,1.69172E+12
1515,242,11732375,1.69184E+12
1515,253,10070541,1.69194E+12
1515,262,5633734,1.69198E+12
1515,268,11516653,1.69209E+12
1515,274,10938987,1.69219E+12
1515,281,10420709,1.6923E+12
1515,287,5515306,1.69235E+12
1515,289,11694126,1.69246E+12
1515,288,11717618,1.69257E+12
1515,282,4549956,1.69261E+12
1515,274,13691953,1.69274E+12
1515,273,5496909,1.69278E+12
1515,275,12484815,1.69291E+12
1515,279,4866248,1.69295E+12
1515,265,8011267,1.69321E+12
1515,265,7289772,1.69328E+12
1515,266,11042487,1.69338E+12
1515,266,12715760,1.6935E+12
1515,264,8852856,1.69357E+12
1515,266,11799109,1.69367E+12
1515,263,11417804,1.69376E+12
1515,269,5723507,1.6938E+12
1515,265,16383628,1.69393E+12
1515,260,4978356,1.69398E+12
1515,259,12520623,1.69409E+12
1515,262,11150584,1.69419E+12
1515,266,11697323,1.69429E+12
1515,270,8633753,1.69436E+12
1515,271,6912571,1.6944E+12
1515,273,13550840,1.69453E+12
1515,278,12143962,1.69463E+12
1515,275,5101301,1.69467E+12
1515,273,10380199,1.69477E+12
1515,270,10978810,1.69486E+12
1515,265,10952321,1.69495E+12
1515,264,11709718,1.69503E+12
1515,272,13571843,1.69514E+12
1515,282,7251975,1.69519E+12
1515,289,7473230,1.69526E+12
1515,282,12331868,1.69537E+12
1515,278,11225636,1.69545E+12
1515,274,10206942,1.69553E+12
1515,271,10579206,1.69561E+12
1515,267,11060845,1.69571E+12
1515,265,10497566,1.69581E+12
1515,271,9618198,1.6959E+12
1515,280,10470722,1.69599E+12
1515,277,10086836,1.69609E+12
1515,277,10548997,1.69617E+12
1515,276,6590686,1.69622E+12
1515,284,15964567,1.69635E+12
1515,291,9409282,1.69642E+12
1515,285,6525265,1.69647E+12
1515,286,13242459,1.69657E+12
1515,287,11319920,1.69666E+12
1515,283,13540753,1.69676E+12
1515,288,16665679,1.69687E+12
1515,299,10713554,1.69695E+12
1515,305,10024340,1.69703E+12
1515,302,9484531,1.6971E+12
1515,295,9693804,1.69717E+12
1515,287,16373695,1.6973E+12
1515,279,10234504,1.69738E+12
1515,273,10288830,1.69746E+12
1515,273,10953184,1.69754E+12
1515,271,9478048,1.69761E+12
1515,269,15818319,1.69775E+12
1515,269,10630825,1.69783E+12
1515,274,8655773,1.6979E+12
1515,277,6267378,1.69794E+12
1515,285,18546041,1.69808E+12
1515,288,8958866,1.69813E+12
1515,295,10773585,1.69821E+12
1515,307,19538159,1.69835E+12
1515,323,6584681,1.69839E+12
1515,333,17415278,1.6985E+12
1515,339,15651171,1.6986E+12
1515,352,6502252,1.69863E+12
1515,367,16492284,1.69874E+12
1515,374,12765591,1.69884E+12
1515,376,12554950,1.69893E+12
1515,378,11005538,1.69902E+12
1515,373,8294560,1.69907E+12
1515,366,14183616,1.69917E+12
1515,357,17832268,1.69929E+12
1515,352,10206811,1.69936E+12
1515,336,12826381,1.69947E+12
1515,322,13095437,1.69956E+12
1515,308,6262614,1.6996E+12
1515,298,11769363,1.69968E+12
1515,297,14883937,1.69978E+12
1515,292,13023850,1.69985E+12
1515,296,22394728,1.69999E+12
1515,299,6733857,1.70004E+12
1515,293,17775649,1.70017E+12
1515,294,3686551,1.70019E+12
1515,292,19197153,1.70033E+12
1515,288,12170545,1.70042E+12
1515,280,7670795,1.70047E+12
1515,266,17122748,1.70059E+12
1515,265,9148025,1.70066E+12
1515,263,8054207,1.70071E+12
1515,258,17728737,1.70085E+12
1515,255,5574782,1.70088E+12
1515,245,8329688,1.70196E+12
1515,244,11194871,1.70204E+12
1515,250,15750195,1.70215E+12
1515,262,13628604,1.70224E+12
1515,274,4718948,1.70227E+12
1515,274,11670998,1.70235E+12
1515,273,14761897,1.70246E+12
1515,275,13271624,1.70256E+12
1515,279,10233695,1.70263E+12
1515,278,15110672,1.70273E+12
1515,275,7323289,1.70279E+12
1515,273,16499614,1.70289E+12
1515,270,18509157,1.70301E+12
1515,277,6650281,1.70305E+12
1515,275,21373301,1.70319E+12
1515,287,7402729,1.70323E+12
1515,288,19996017,1.70336E+12
1515,284,9419151,1.70343E+12
1515,282,10598467,1.7035E+12
1515,278,13257974,1.70358E+12
1515,272,18665072,1.70369E+12
1515,268,14755102,1.70378E+12
1515,265,11000353,1.70385E+12
1515,261,16300609,1.70396E+12
1515,261,10234251,1.70403E+12
1515,258,13029424,1.70411E+12
1515,259,10109550,1.70418E+12
1515,260,18171212,1.70431E+12
1515,266,14302760,1.7044E+12
1515,272,5443359,1.70444E+12
1515,272,14390546,1.70454E+12
1515,276,19506430,1.70466E+12
1515,269,11351902,1.70473E+12
1515,272,13417761,1.70482E+12
1515,273,12024517,1.70492E+12
1515,281,6195994,1.70498E+12
1515,286,5958712,1.70502E+12
1515,285,22486498,1.70517E+12
1515,282,4919287,1.70521E+12
1515,275,13996542,1.70531E+12
1515,267,15190981,1.70543E+12
1515,260,9676380,1.70551E+12
1515,253,6032367,1.70555E+12
1515,252,17982713,1.70569E+12
1515,251,5561720,1.70573E+12
1515,246,17737996,1.70585E+12
1515,242,14444814,1.70595E+12
1515,242,4846475,1.70598E+12
1515,244,13841036,1.70608E+12
1515,244,19749205,1.70621E+12
1515,241,6814050,1.70625E+12
1515,234,14697728,1.70635E+12
1515,231,10454091,1.70642E+12
1515,227,14383514,1.70651E+12
1515,225,14996730,1.7066E+12
1515,224,8454229,1.70668E+12
1515,226,10935944,1.70676E+12
1515,226,12027583,1.70684E+12
1515,229,13603943,1.70693E+12
1515,227,20127294,1.70704E+12
1515,228,18182503,1.70715E+12
1515,234,18343158,1.70725E+12
1515,239,4015181,1.70727E+12
1515,237,13018367,1.70737E+12
1515,238,16366641,1.70747E+12
1515,236,16895651,1.70757E+12
1515,234,18135040,1.70767E+12
1515,236,17452306,1.70777E+12
1515,234,7042917,1.70781E+12
1515,232,17377310,1.70791E+12
1515,234,10033784,1.70798E+12
1515,235,10642910,1.70805E+12
1515,236,12841888,1.70814E+12
1515,235,19418324,1.70828E+12
1515,235,10983253,1.70836E+12
1515,235,13201125,1.70845E+12
1515,239,8004005,1.7085E+12
1515,240,16136625,1.70861E+12
1515,243,16421931,1.70871E+12
1515,245,11315706,1.70879E+12
1515,247,6860135,1.70883E+12
1515,243,15020911,1.70893E+12
1515,238,11176441,1.70901E+12
1515,236,9492668,1.70911E+12
1515,234,10177303,1.70919E+12
1515,239,15513130,1.70929E+12
1515,244,10731136,1.70937E+12
1515,237,14040977,1.70946E+12
1515,233,8761965,1.70952E+12
1515,233,12959835,1.70961E+12
1515,231,20356928,1.70976E+12
1515,232,6469722,1.70981E+12
1515,233,13147737,1.70991E+12
1515,235,12535771,1.71E+12
1515,234,10570459,1.71007E+12
1515,232,14931342,1.71017E+12
1515,233,15203787,1.71028E+12
1515,234,3722317,1.7103E+12
1515,233,14101313,1.71041E+12
1515,232,9054482,1.71047E+12
1515,233,14142064,1.71057E+12
1515,231,12675469,1.71066E+12
1515,228,14192300,1.71074E+12
1515,228,16372997,1.71084E+12
1515,225,16273885,1.71094E+12
1515,230,8581237,1.71101E+12
1515,227,17163364,1.71112E+12
1515,228,17283991,1.71123E+12
1515,229,3223206,1.71125E+12
1515,226,22579074,1.71139E+12
1515,228,8289966,1.71144E+12
1515,224,16996496,1.71157E+12
1515,221,8278973,1.71162E+12
1515,223,20379357,1.71174E+12
1515,222,13725615,1.71183E+12
1515,216,14066885,1.7119E+12
1515,210,7514618,1.71195E+12
1515,212,15421701,1.71204E+12
1515,215,18968552,1.71216E+12
1515,213,13880522,1.71225E+12
1515,212,11425754,1.71232E+12
1515,212,9269962,1.71238E+12
1515,213,17283498,1.71248E+12
1515,212,13533866,1.71255E+12
1515,216,15155417,1.71264E+12
1515,223,17057814,1.71275E+12
1515,222,16460751,1.71286E+12
1515,220,5081175,1.71289E+12
1515,224,17025619,1.713E+12
1515,222,10242020,1.71307E+12
1515,225,21616700,1.71321E+12
1515,229,13940281,1.7133E+12
1515,231,10766489,1.71338E+12
1515,229,6852186,1.71343E+12
1515,226,11191785,1.71352E+12
1515,222,10646735,1.7136E+12
1515,220,18009739,1.71373E+12
1515,218,9861373,1.7138E+12
1515,221,9422632,1.71386E+12
1515,219,11313861,1.71395E+12
1515,221,9385315,1.71402E+12
1515,229,16588757,1.71412E+12
